
CREATE DATABASE IF NOT EXISTS `music_app` /*!40100 DEFAULT CHARACTER SET utf8mb4 COLLATE utf8mb4_unicode_ci */;
USE `music_app`;

DROP TABLE IF EXISTS `users`;
CREATE TABLE `users`  (
  `user_id` int NOT NULL AUTO_INCREMENT,
  `name` varchar(200) CHARACTER SET utf8mb4 COLLATE utf8mb4_unicode_ci NOT NULL,
  `email` varchar(200) CHARACTER SET utf8mb4 COLLATE utf8mb4_unicode_ci NOT NULL,
  `password_hash` varchar(255) CHARACTER SET utf8mb4 COLLATE utf8mb4_unicode_ci NOT NULL,
  `avatar_url` varchar(512) CHARACTER SET utf8mb4 COLLATE utf8mb4_unicode_ci NULL DEFAULT NULL,
  `role` enum('user','admin') CHARACTER SET utf8mb4 COLLATE utf8mb4_unicode_ci NULL DEFAULT 'user',
  `is_active` tinyint NULL DEFAULT 1,
  `created_at` datetime NULL DEFAULT current_timestamp(),
  `updated_at` datetime NULL DEFAULT current_timestamp() ON UPDATE CURRENT_TIMESTAMP,
  PRIMARY KEY (`user_id`) USING BTREE,
  UNIQUE INDEX `email`(`email` ASC) USING BTREE
) ENGINE = InnoDB AUTO_INCREMENT = 11 CHARACTER SET = utf8mb4 COLLATE = utf8mb4_unicode_ci ROW_FORMAT = Dynamic;

-- ----------------------------
-- Records of users
-- ----------------------------
INSERT INTO `users` VALUES (1, 'Nhng', 'nhngdangtest@gmail.com', '$2a$10$Ry/mGHV2b3s3.oG92jhBuuR38ZKI6vwtmjFpeFGu0hW6eu06j/Ssi', 'https://hoanghamobile.com/tin-tuc/wp-content/uploads/2024/07/anh-avatar-dep-cho-con-gai-29.jpg', 'user', 1, '2026-01-03 16:47:36', '2026-01-11 16:55:40');
INSERT INTO `users` VALUES (2, 'Test', 'testuser@gmail.com', '$2a$10$U0o5KoVEe3qm0j4cYxlTfO1GIiG9Fto9tRBxv4ZdXhfjo9FaAKT4y', 'https://encrypted-tbn0.gstatic.com/images?q=tbn:ANd9GcSPM1fUPvRZorM5M9BMML3nso4y-kUeTdaNhg&s', 'user', 0, '2026-01-11 16:41:55', '2026-01-19 01:33:15');
INSERT INTO `users` VALUES (3, 'AdminNe', 'admin@gmail.com', '$2a$10$v.25kPE0cv6AI3LRk/VkfufIj5owz9B1v0kCVs.0x4NfTP7fMFKSu', 'https://encrypted-tbn0.gstatic.com/images?q=tbn:ANd9GcQD5pBIuqqFQbVGJF-QTzORu_yFp5U_T8g-Bg&s', 'admin', 1, '2026-01-11 16:42:57', '2026-01-11 16:56:05');
INSERT INTO `users` VALUES (4, 'Minh Quan', 'quan.m@gmail.com', '$2a$10$zE4NGJ/laqMVkaRZVevsDe3tBFxDcsLbHZQdqG24KSkLvB7pYmY4S', 'https://jbagy.me/wp-content/uploads/2025/03/anh-avatar-dep-vo-tri-3.jpg', 'user', 1, '2026-01-05 09:00:00', '2026-01-19 20:02:16');
INSERT INTO `users` VALUES (5, 'Thanh Thao', 'thao.t@gmail.com', '$2a$10$zE4NGJ/laqMVkaRZVevsDe3tBFxDcsLbHZQdqG24KSkLvB7pYmY4S', 'https://cdn11.dienmaycholon.vn/filewebdmclnew/public/userupload/files/Image%20FP_2024/avatar-dep-cho-nam-2.jpg', 'admin', 1, '2026-01-06 10:30:00', '2026-01-19 20:06:50');
INSERT INTO `users` VALUES (6, 'Hoang Long', 'long.h@gmail.com', '$2a$10$zE4NGJ/laqMVkaRZVevsDe3tBFxDcsLbHZQdqG24KSkLvB7pYmY4S', 'https://avatarngau.sbs/wp-content/uploads/2025/05/Avatar-Facebook-dep-4.jpg', 'user', 0, '2026-01-07 14:15:00', '2026-01-19 20:02:26');
INSERT INTO `users` VALUES (7, 'Bich Phuong', 'phuong.b@gmail.com', '$2a$10$zE4NGJ/laqMVkaRZVevsDe3tBFxDcsLbHZQdqG24KSkLvB7pYmY4S', 'https://cdn-media.sforum.vn/storage/app/media/THANHAN/2/2a/avatar-dep-89.jpg', 'user', 1, '2026-01-08 11:20:00', '2026-01-19 20:02:30');
INSERT INTO `users` VALUES (8, 'Gia Bao', 'bao.g@gmail.com', '$2a$10$zE4NGJ/laqMVkaRZVevsDe3tBFxDcsLbHZQdqG24KSkLvB7pYmY4S', 'https://www.vietnamworks.com/hrinsider/wp-content/uploads/2023/12/anh-den-ngau.jpeg', 'user', 0, '2026-01-09 16:45:00', '2026-01-19 20:02:44');
INSERT INTO `users` VALUES (9, 'Khanh Vy', 'vy.k@gmail.com', '$2a$10$zE4NGJ/laqMVkaRZVevsDe3tBFxDcsLbHZQdqG24KSkLvB7pYmY4S', 'https://jbagy.me/wp-content/uploads/2025/03/anh-avatar-vo-tri-meo-3.jpg', 'user', 0, '2026-01-10 08:00:00', '2026-01-19 20:02:54');
INSERT INTO `users` VALUES (10, 'Anh Tu', 'tu.a@gmail.com', '$2a$10$zE4NGJ/laqMVkaRZVevsDe3tBFxDcsLbHZQdqG24KSkLvB7pYmY4S', 'https://encrypted-tbn0.gstatic.com/images?q=tbn:ANd9GcTd7aj0A7Etvk0C8N_aYp4n-sjwOgers-xGQQ&s', 'user', 1, '2026-01-11 13:10:00', '2026-01-19 20:02:57');

-- ----------------------------
-- Table structure for artists
-- ----------------------------
DROP TABLE IF EXISTS `artists`;
CREATE TABLE `artists`  (
  `artist_id` int NOT NULL AUTO_INCREMENT,
  `name` varchar(200) CHARACTER SET utf8mb4 COLLATE utf8mb4_unicode_ci NOT NULL,
  `avatar_url` varchar(512) CHARACTER SET utf8mb4 COLLATE utf8mb4_unicode_ci NULL DEFAULT NULL,
  `description` text CHARACTER SET utf8mb4 COLLATE utf8mb4_unicode_ci NULL,
  `is_active` tinyint NULL DEFAULT 1,
  `avatar_public_id` varchar(255) CHARACTER SET utf8mb4 COLLATE utf8mb4_unicode_ci NULL DEFAULT NULL,
  PRIMARY KEY (`artist_id`) USING BTREE
) ENGINE = InnoDB AUTO_INCREMENT = 26 CHARACTER SET = utf8mb4 COLLATE = utf8mb4_unicode_ci ROW_FORMAT = Dynamic;

-- ----------------------------
-- Records of artists
-- ----------------------------
INSERT INTO `artists` VALUES (1, 'Đen Vâu', 'https://res.cloudinary.com/dofdtbshx/image/upload/v1768751509/artists/avatar/artist_1768751509317.jpg', 'Nguyễn Đức Cường (sinh năm 13 tháng 5 năm 1989 tại Quảng Ninh), thường được biết tới với nghệ danh Đen Vâu. Anh là một trong số ít nghệ sĩ trưởng thành từ làn sóng underground và âm nhạc indie - underground của Việt Nam.', 1, 'artists/avatar/artist_1768751509317');
INSERT INTO `artists` VALUES (2, 'Bùi Công Nam', 'https://res.cloudinary.com/dofdtbshx/image/upload/v1768751683/artists/avatar/artist_1768751683556.jpg', 'Đã từng  tham gia Sing My Song va được khán giả chú ý tới nhiều qua ca khúc \'Chí Phèo\'.Định hướng con đường nghệ thuật của Công Nam trong tương lai là sẽ trở thành ca nhạc sĩ, hát những ca khúc do chính mình sáng tác và chủ yếu theo phong cách Country, Pop, Ballad.', 1, 'artists/avatar/artist_1768751683556');
INSERT INTO `artists` VALUES (3, 'BinZ', 'https://res.cloudinary.com/dofdtbshx/image/upload/v1768751767/artists/avatar/artist_1768751767710.jpg', 'Binz là một rapper nổi bật của làng Hip Hop Việt Nam, được biết đến với phong cách rap melody, lyrics bắt tai và hình ảnh hiện đại. Phong cách âm nhạc của Binz thường mang màu sắc thành thị, thời trang, tự do, dễ tiếp cận với giới trẻ. ', 1, 'artists/avatar/artist_1768751767710');
INSERT INTO `artists` VALUES (4, 'Bảo Anh', 'https://res.cloudinary.com/dofdtbshx/image/upload/v1768751824/artists/avatar/artist_1768751820784.jpg', 'Nguyễn Hoài Bảo Anh sinh năm 1992, từng là gương mặt ấn tượng trong nhiều cuộc thi âm nhạc dành cho tuổi teen.\nNăm 2008, Bảo Anh lọt vào top 12 thí sinh vòng chung kết Tiếng ca học đường.\nNăm 2009, Bảo Anh tiếp tục đoạt giải đồng hạng với Văn Mai Hương tại \'Tiếng Hát Học Đường\' với ca khúc \'Ăn khế trả vàng\'.\nNăm 2010, Nguyễn Hoài Bảo Anh tiếp tục đoạt giải triển vọng cuộc thi H2T Icon 2010 do Báo Hoa học trò tổ chức.\nNăm 2012, Nguyễn Hoài Bảo Anh chinh phục được trái tim của 2 ca sỹ Thu Minh cùng nam ca sỹ nhạc rock Trần Lập trong cuộc thi Giọng hát Việt bằng chất giọng trong sáng và ngọt ngào. Thậm chí, nữ ca sỹ Hồ Ngọc Hà còn ví Bảo Anh như một Taylor Swift của Việt Nam.\nSau khi dừng chân tại sân chơi Giọng hát Việt, Bảo Anh nhanh chóng tận dụng độ \'nóng\' để chính thức bước vào con đường nghệ thuật.', 1, 'artists/avatar/artist_1768751820784');
INSERT INTO `artists` VALUES (5, 'Đông Nhi', 'https://res.cloudinary.com/dofdtbshx/image/upload/v1768751903/artists/avatar/artist_1768751903577.jpg', 'Đông Nhi sinh ra tại Hà Nội, Ba mẹ cô có hai người con gái, cô và người chị hơn cô 6 tuổi. Năm cô được 2 tuổi thì gia đình chuyển vào Thành phố Hồ Chí Minh sinh sống.\nSự nghiệp âm nhạc của cô bắt đầu với một số ca khúc hit dành cho lứa tuổi teen như: \'Khóc\', \'Bối rối\', \'Bí mật của hạnh phúc\', \'Lời thú tội ngọt ngào\'... Ngoài ra, cô còn tham gia các chương trình truyền hình với tư cách là một MC như Thế Giới Vpop (số 1, số 2), Bước nhảy hoàn vũ mùa thứ 4 (cùng với Lương Mạnh Hải),... Cô cũng tham gia trong lĩnh vực điện ảnh trong bộ phim \'Giải cứu thần chết\' với một vai phản diện. Các bộ phim gần đây nhất mà cô tham gia là bộ phim \'Thứ ba học trò\' và \'Bộ tứ hoàn hảo\'\nNgày 19 tháng 11 năm 2009, Đông Nhi tạm ngưng ca hát 2 tháng do sức khỏe không cho phép, trước đó cô đã phải đi cấp cứu sau khi biểu diễn. Trong thời gian này đã xuất hiện tin đồn cô có bầu khiến Đông Nhi phải lên tiếng.', 1, 'artists/avatar/artist_1768751903577');
INSERT INTO `artists` VALUES (6, 'Hòa Minzy', 'https://res.cloudinary.com/dofdtbshx/image/upload/v1768751957/artists/avatar/artist_1768751954580.jpg', 'Xuất thân từ gia đình không có truyền thống nghệ thuật nhưng với đam mê cháy bỏng, Hòa đã có mặt trong top 3 Học viện ngôi sao và là ứng cử viên nặng ký cho ngôi vị quán quân.\nSinh ra và lớn lên trong gia đình có 4 chị em gái và 1 người con trai ở Bắc Ninh, bố mẹ Hòa Minzy là những người lao động thuần nông. Năm học lớp 11, Hòa xin bố mẹ lên thành phố một mình, tự kiếm sống, học thanh nhạc. Quyết định táo bạo đã làm thay đổi cuộc đời cô gái nhỏ của làng quan họ thuở nào.\nBài hát đưa Hòa Minzy đến gần hơn với giới trẻ chính là ca khúc làng quan họ quê tôi.', 1, 'artists/avatar/artist_1768751954580');
INSERT INTO `artists` VALUES (7, 'Noo Phước Thịnh', 'https://res.cloudinary.com/dofdtbshx/image/upload/v1768752037/artists/avatar/artist_1768752030757.jpg', 'Bằng khả năng của mình, với chất giọng lạ theo hướng nam trầm, cách trình diễn nhiều cảm xúc trong các bài hát trẻ trung, dễ nghe, ấm, anh đã gây ngạc nhiên cho khán giả và chỉ trong vòng hơn 6 tháng kể từ khi bước chân vào làng âm nhạc, cái tên Noo Phước Thịnh đã dần khẳng định được dấu ấn trong lòng các khán giả trẻ. và được coi là ca sĩ trẻ có triển vọng và thành công sớm. Cùng với Wanbi, Ngô Kiến Huy, Nam Cường, Chí Thiện, Noo Phước Thịnh đang được biết đến như những hoàng tử của Teen Pop Việt bằng sự quyết tâm của mình. Nhưng việc trau chuốt có phần dịu dàng vẻ bề ngoài tạo nhiều nghi vấn cho anh về giới tính, điều này khiến anh phải phân trần với báo chí về giới tính của mình.', 1, 'artists/avatar/artist_1768752030757');
INSERT INTO `artists` VALUES (8, 'Phạm Anh Khoa', 'https://res.cloudinary.com/dofdtbshx/image/upload/v1768752086/artists/avatar/artist_1768752086334.jpg', 'Phạm Anh Khoa sinh năm 1985 tại Cam Ranh, Khánh Hòa và hiện đang học Nhạc viện TP HCM. Từng là học trò của nhạc sĩ Tuấn Khanh.\nPhạm Anh Khoa có phong cách rõ rệt theo mảng nhạc rock và có khả năng sáng tác ca khúc. Giọng hát có lửa và ngoại hình khá chuẩn. Anh khoa đã đạt giải xuất sắc Sao Mai Điểm Hẹn 2006 do hội đồng nghệ thuật trao tặng.\nHiện đang là ca sĩ độc quyền của công ty Music Faces Entertainment và là gương mặt đại diện của nhãn hàng Coca Cola Việt Nam.', 1, 'artists/avatar/artist_1768752086334');
INSERT INTO `artists` VALUES (9, 'Sơn Tùng M-TP', 'https://res.cloudinary.com/dofdtbshx/image/upload/v1768752163/artists/avatar/artist_1768752163228.jpg', 'Sơn Tùng M-TP là ca sĩ, nhạc sĩ nổi tiếng hàng đầu của V-pop, được đông đảo khán giả trẻ yêu thích. Anh gây ấn tượng với phong cách âm nhạc hiện đại, sáng tác bắt tai và hình ảnh cá tính. Nhiều ca khúc của Sơn Tùng đạt hàng trăm triệu lượt xem và tạo xu hướng mạnh mẽ trong giới trẻ. Không chỉ thành công trong âm nhạc, anh còn xây dựng hình ảnh nghệ sĩ chuyên nghiệp với định hướng phát triển lâu dài. Sơn Tùng M-TP được xem là một trong những biểu tượng tiêu biểu của nhạc Việt đương đại.', 1, 'artists/avatar/artist_1768752163228');
INSERT INTO `artists` VALUES (10, 'ROSÉ', 'https://res.cloudinary.com/dofdtbshx/image/upload/v1768752219/artists/avatar/artist_1768752219760.jpg', 'Rosé là ca sĩ người New Zealand gốc Hàn Quốc, nổi tiếng với vai trò giọng ca chính của nhóm nhạc BLACKPINK. Cô gây ấn tượng bởi chất giọng cao, giàu cảm xúc và phong cách âm nhạc tinh tế. Ngoài hoạt động cùng nhóm, Rosé còn thành công với các sản phẩm solo, thể hiện màu sắc cá nhân rõ nét. Bên cạnh âm nhạc, cô là biểu tượng thời trang khi hợp tác với nhiều thương hiệu quốc tế. Rosé được xem là một trong những nghệ sĩ K-pop có sức ảnh hưởng toàn cầu.', 1, 'artists/avatar/artist_1768752219760');
INSERT INTO `artists` VALUES (11, 'Taylor Swift', 'https://res.cloudinary.com/dofdtbshx/image/upload/v1768752285/artists/avatar/artist_1768752284597.jpg', 'Taylor Swift là ca sĩ – nhạc sĩ người Mỹ, nổi tiếng toàn cầu với khả năng sáng tác và kể chuyện bằng âm nhạc. Cô bắt đầu sự nghiệp từ nhạc đồng quê và dần chuyển sang Pop, tạo nên nhiều album thành công vang dội. Các ca khúc của Taylor thường lấy cảm hứng từ cảm xúc cá nhân, dễ đồng cảm với người nghe. Không chỉ thành công về mặt thương mại, cô còn được đánh giá cao về nghệ thuật và sức ảnh hưởng văn hóa. Taylor Swift là một trong những nghệ sĩ có lượng người hâm mộ lớn nhất thế giới hiện nay.', 1, 'artists/avatar/artist_1768752284597');
INSERT INTO `artists` VALUES (12, 'Tăng Duy Tân', 'https://res.cloudinary.com/dofdtbshx/image/upload/v1768752346/artists/avatar/artist_1768752345063.jpg', 'Tăng Duy Tân được sinh ra trong một gia đình có truyền thống âm nhạc, có ông là nhạc sĩ Trần Hoàn, anh họ là Divo Tùng Dương. Ngay từ bé Tăng Duy Tân đã có niềm đam mê rất lớn với âm nhạc. Suốt thời gian học đại học Tăng Duy Tân hoạt động nghệ thuật ở nhiều clb, cộng đồng nghệ thuật ở Huế và chính thức hoạt động nghệ thuật chuyên nghiệp vào đầu năm 2018 sau khi tốt nghiệp Đại Học và trực thuộc BigArts Entertainment.\n\nSản phẩm đầu tay là ca khúc HẾT DUYÊN song ca cùng ca sĩ NIT. Đầu năm 2020 Tăng Duy Tân chính thức trở lại với vai trò CEO của BigArts Entertainment sau một năm tập trung với công việc sản xuất âm nhạc đồng thời phát hành ca khúc solo mang tên Tình Đầu và ngay lập tức trở thành một bản HIT. Liên tiếp sau đó là những ca khúc mang đậm tính cá nhân và phong cách âm nhạc đa dạng như Thư Ơi, 05 (Không Phai), Ai Đó Không Phải Anh...', 1, 'artists/avatar/artist_1768752345063');
INSERT INTO `artists` VALUES (13, 'Da LAB', 'https://res.cloudinary.com/dofdtbshx/image/upload/v1768752403/artists/avatar/artist_1768752403074.jpg', 'Da LAB là nhóm nhạc Hip Hop/Pop nổi tiếng của Việt Nam, được thành lập từ cộng đồng Underground Hà Nội. Nhóm gây ấn tượng với phong cách âm nhạc gần gũi, ca từ đời thường và giàu cảm xúc. Các ca khúc của Da LAB thường nói về tình yêu, tuổi trẻ và những trải nghiệm trong cuộc sống. Với lối kể chuyện chân thật, Da LAB đã chinh phục đông đảo khán giả trẻ. Nhóm được xem là một trong những đại diện tiêu biểu của Hip Hop đời sống tại Việt Nam.', 1, 'artists/avatar/artist_1768752403074');
INSERT INTO `artists` VALUES (14, 'YUQI', 'https://res.cloudinary.com/dofdtbshx/image/upload/v1768752977/artists/avatar/artist_1768752977775.jpg', 'Yuqi là ca sĩ, rapper và nghệ sĩ người Trung Quốc, nổi tiếng với vai trò thành viên của nhóm nhạc K-pop (G)I-DLE. Cô gây ấn tượng nhờ chất giọng trầm đặc biệt, phong cách cá tính và năng lượng sân khấu mạnh mẽ. Bên cạnh hoạt động nhóm, Yuqi còn phát hành các sản phẩm solo và tham gia nhiều chương trình giải trí. Cô được yêu thích bởi hình ảnh gần gũi, hài hước và đa tài. Yuqi là một trong những idol thế hệ mới có sức hút lớn với khán giả quốc tế.', 1, 'artists/avatar/artist_1768752977775');
INSERT INTO `artists` VALUES (15, 'Hà Anh Tuấn', 'https://res.cloudinary.com/dofdtbshx/image/upload/v1768753033/artists/avatar/artist_1768753033554.jpg', 'Hà Anh Tuấn là ca sĩ Việt Nam nổi tiếng với dòng nhạc pop ballad và nhạc trữ tình. Anh sở hữu chất giọng ấm áp, truyền cảm, thường thể hiện những ca khúc giàu cảm xúc và chiều sâu. Hà Anh Tuấn được yêu mến nhờ hình ảnh lịch lãm, phong cách âm nhạc tinh tế và các dự án âm nhạc được đầu tư chỉn chu. Nhiều live concert của anh gây tiếng vang lớn và thu hút đông đảo khán giả. Anh được xem là một trong những giọng ca nam được yêu thích nhất của nhạc Việt hiện nay.', 1, 'artists/avatar/artist_1768753033554');
INSERT INTO `artists` VALUES (16, 'Hồ Ngọc Hà', 'https://res.cloudinary.com/dofdtbshx/image/upload/v1768753081/artists/avatar/artist_1768753080845.jpg', 'Là ca sĩ và người mẫu nổi tiếng của Việt Nam, được mệnh danh là “nữ hoàng giải trí”. Cô gây ấn tượng với phong cách âm nhạc đa dạng, từ pop, dance đến ballad, cùng hình ảnh quyến rũ và chuyên nghiệp. Hồ Ngọc Hà sở hữu nhiều ca khúc hit và luôn giữ sức hút lớn trong làng giải trí. Bên cạnh âm nhạc, cô còn thành công trong lĩnh vực thời trang và kinh doanh. Hồ Ngọc Hà là một trong những nghệ sĩ có tầm ảnh hưởng lâu dài tại Việt Nam.', 1, 'artists/avatar/artist_1768753080845');
INSERT INTO `artists` VALUES (17, 'MIN', 'https://res.cloudinary.com/dofdtbshx/image/upload/v1768753113/artists/avatar/artist_1768753113468.jpg', 'MIN là ca sĩ Việt Nam được yêu thích với hình ảnh trẻ trung, ngọt ngào và phong cách âm nhạc hiện đại. Cô nổi bật qua những ca khúc pop dễ nghe, giai điệu bắt tai và gần gũi với giới trẻ. MIN gây ấn tượng bởi màu giọng trong trẻo cùng phong cách trình diễn tự nhiên. Nhiều sản phẩm âm nhạc của cô đạt lượt xem cao và trở thành xu hướng. MIN được xem là một trong những nữ ca sĩ pop tiêu biểu của V-pop hiện nay.', 1, 'artists/avatar/artist_1768753113468');
INSERT INTO `artists` VALUES (18, 'Mỹ Tâm', 'https://res.cloudinary.com/dofdtbshx/image/upload/v1768753142/artists/avatar/artist_1768753142272.jpg', 'Mỹ Tâm là ca sĩ hàng đầu của nhạc Việt, được mệnh danh là “Họa mi tóc nâu”. Cô sở hữu giọng hát nội lực, truyền cảm và phong cách biểu diễn chuyên nghiệp. Mỹ Tâm ghi dấu ấn với nhiều bản hit gắn liền nhiều thế hệ khán giả. Không chỉ thành công trong âm nhạc, cô còn được yêu mến bởi hình ảnh gần gũi và nhân ái. Mỹ Tâm được xem là một trong những biểu tượng bền vững nhất của V-pop.', 1, 'artists/avatar/artist_1768753142272');
INSERT INTO `artists` VALUES (19, 'CORTIS', 'https://res.cloudinary.com/dofdtbshx/image/upload/v1768754415/artists/avatar/artist_1768754414826.jpg', 'CORTIS là nghệ sĩ Hip Hop/Rap Việt Nam thuộc thế hệ trẻ, được biết đến với phong cách hiện đại, cá tính và màu sắc âm nhạc riêng. Anh thường kết hợp rap với giai điệu melody, tạo cảm giác dễ nghe nhưng vẫn giữ chất đường phố. Các sản phẩm của CORTIS hướng đến chủ đề tuổi trẻ, cảm xúc và lối sống thành thị. Dù chưa quá đại chúng, CORTIS đang dần được cộng đồng yêu nhạc Hip Hop chú ý.', 1, 'artists/avatar/artist_1768754414826');
INSERT INTO `artists` VALUES (20, 'LUNAS ', 'https://res.cloudinary.com/dofdtbshx/image/upload/v1768755528/artists/avatar/artist_1768755528942.jpg', 'Lunas là nghệ sĩ trẻ của Việt Nam, được biết đến với phong cách âm nhạc nhẹ nhàng, cảm xúc và màu sắc indie pop hiện đại. Cô gây ấn tượng bởi giọng hát trong trẻo, tinh tế và cách thể hiện giàu cảm xúc. Các ca khúc của Lunas thường mang không khí mơ màng, phù hợp để nghe khi thư giãn. Dù chưa quá đại chúng, Lunas đang dần tạo dấu ấn riêng trong cộng đồng yêu nhạc indie Việt.', 1, 'artists/avatar/artist_1768755528942');
INSERT INTO `artists` VALUES (21, 'Kay Trần', 'https://res.cloudinary.com/dofdtbshx/image/upload/v1768757312/artists/avatar/artist_1768757311712.jpg', 'Kay Trần là ca sĩ, nhạc sĩ người Việt, được biết đến với phong cách Pop/R&B hiện đại và hình ảnh trẻ trung. Anh từng hoạt động trong nhóm Monstar, sau đó phát triển sự nghiệp solo với nhiều ca khúc bắt tai. Kay Trần gây ấn tượng bởi khả năng sáng tác, vũ đạo tốt và phong cách âm nhạc hợp xu hướng giới trẻ. Anh là một trong những nghệ sĩ nam nổi bật của V-pop thế hệ mới.', 1, 'artists/avatar/artist_1768757311712');
INSERT INTO `artists` VALUES (22, 'Anh Trai Say Hi', 'https://res.cloudinary.com/dofdtbshx/image/upload/v1768757367/artists/avatar/artist_1768757367655.jpg', 'Anh Trai Say Hi là chương trình truyền hình thực tế về âm nhạc và giải trí của Việt Nam, quy tụ nhiều nghệ sĩ nam trẻ nổi bật trong làng nhạc. Chương trình tập trung vào việc thể hiện tài năng ca hát, trình diễn và cá tính sân khấu của các nghệ sĩ qua nhiều thử thách. Với format hiện đại, không khí trẻ trung và gần gũi, Anh Trai Say Hi nhanh chóng thu hút sự quan tâm của khán giả trẻ. Chương trình cũng giúp nhiều nghệ sĩ đến gần hơn với công chúng và tạo dấu ấn mới trong sự nghiệp.', 0, 'artists/avatar/artist_1768757367655');
INSERT INTO `artists` VALUES (23, 'Bùi Công Nam', 'https://res.cloudinary.com/dofdtbshx/image/upload/v1768758230/artists/avatar/artist_1768758230371.jpg', 'Ảnh là ca sĩ, nhạc sĩ trẻ của Việt Nam, được biết đến qua chương trình Anh Trai Say Hi. Anh gây ấn tượng với giọng hát ấm, phong cách trình diễn chân thành và màu sắc âm nhạc nhẹ nhàng, cảm xúc. Các ca khúc của Bùi Công Anh thường mang hơi hướng pop/ballad, dễ chạm đến tâm trạng người nghe. Dù còn trẻ, anh đang dần tạo dấu ấn riêng và nhận được sự yêu mến từ khán giả.', 1, 'artists/avatar/artist_1768758230371');
INSERT INTO `artists` VALUES (24, 'Louis Armstrong', 'https://res.cloudinary.com/dofdtbshx/image/upload/v1768758714/artists/avatar/artist_1768758715051.jpg', 'Louis Armstrong, nghệ danh Satchmo, Sachimo hay Pops, là nghệ sĩ kèn trumpet và ca sĩ nhạc jazz của Mỹ.\nLouis Armstrong bắt đẩu nổi tiếng từ thập niên 1920, sử dụng kèn cornet và trumpet điệu luyện. Ông đặt nền móng và tạo ảnh hưởng lớn cho phong trào nhạc jazz, chuyển hướng chơi nhạc từ trình diễn sáng tác tùy hứng chung sang hình thức trình diễn độc tấu. Ngoài cách bấm và thổi kèn độc đáo, ông còn có giọng hát khàn rất đặc biệt, thường uốn vặn âm điệu, lời ca của bài hát nhiều kiểu, với mục đích biểu cảm. Louis Armstrong còn có khả năng hát scat rất tài tình.\nẢnh hưởng của Louis Armstrong không chỉ trong lãnh vực nhạc jazz mà còn lan sang nhạc pop trong thập niên 1960. Theo bình luận gia âm nhạc Steve Leggett thì Armstrong \'có thể là người có ảnh hưởng lớn nhất trong nền ca nhạc Mỹ trong thế kỷ 20.\'', 0, 'artists/avatar/artist_1768758715051');


-- ----------------------------
-- Table structure for genres
-- ----------------------------
DROP TABLE IF EXISTS `genres`;
CREATE TABLE `genres`  (
  `genre_id` int NOT NULL AUTO_INCREMENT,
  `name` varchar(200) CHARACTER SET utf8mb4 COLLATE utf8mb4_unicode_ci NOT NULL,
  PRIMARY KEY (`genre_id`) USING BTREE
) ENGINE = InnoDB AUTO_INCREMENT = 10 CHARACTER SET = utf8mb4 COLLATE = utf8mb4_unicode_ci ROW_FORMAT = Dynamic;

-- ----------------------------
-- Records of genres
-- ----------------------------
INSERT INTO `genres` VALUES (1, 'Nhạc Trẻ');
INSERT INTO `genres` VALUES (2, 'Bolero');
INSERT INTO `genres` VALUES (3, 'Nhạc Cách Mạng');
INSERT INTO `genres` VALUES (4, 'K-Pop');
INSERT INTO `genres` VALUES (5, 'US-UK');
INSERT INTO `genres` VALUES (6, 'Hip Hop');
INSERT INTO `genres` VALUES (7, 'Rock');
INSERT INTO `genres` VALUES (8, 'Jazz');
INSERT INTO `genres` VALUES (9, 'Ballad');

-- ----------------------------
-- Table structure for albums
-- ----------------------------
DROP TABLE IF EXISTS `albums`;
CREATE TABLE `albums`  (
  `album_id` int NOT NULL AUTO_INCREMENT,
  `title` varchar(255) CHARACTER SET utf8mb4 COLLATE utf8mb4_unicode_ci NOT NULL,
  `artist_id` int NULL DEFAULT NULL,
  `cover_url` varchar(512) CHARACTER SET utf8mb4 COLLATE utf8mb4_unicode_ci NULL DEFAULT NULL,
  `release_date` date NULL DEFAULT NULL,
  `is_active` tinyint NULL DEFAULT 1,
  `album_public_id` varchar(255) CHARACTER SET utf8mb4 COLLATE utf8mb4_unicode_ci NULL DEFAULT NULL,
  PRIMARY KEY (`album_id`) USING BTREE,
  INDEX `albums_ibfk_1`(`artist_id` ASC) USING BTREE,
  CONSTRAINT `albums_ibfk_1` FOREIGN KEY (`artist_id`) REFERENCES `artists` (`artist_id`) ON DELETE SET NULL ON UPDATE RESTRICT
) ENGINE = InnoDB AUTO_INCREMENT = 9 CHARACTER SET = utf8mb4 COLLATE = utf8mb4_unicode_ci ROW_FORMAT = Dynamic;

-- ----------------------------
-- Records of albums
-- ----------------------------
INSERT INTO `albums` VALUES (1, 'Bonnie & Clyde', NULL, 'https://res.cloudinary.com/dofdtbshx/image/upload/v1768761044/albums/cover/albums/cover_1.jpg', '2026-01-19', 1, 'albums/cover/albums/cover_1');
INSERT INTO `albums` VALUES (2, 'Bên Trên Tầng Lầu', NULL, 'https://res.cloudinary.com/dofdtbshx/image/upload/v1768759323/albums/cover/albums/cover_1768759323114.jpg', '2026-01-19', 0, 'albums/cover/albums/cover_1768759323114');
INSERT INTO `albums` VALUES (3, 'Ten On Ten', NULL, 'https://res.cloudinary.com/dofdtbshx/image/upload/v1768761028/albums/cover/albums/cover_3.jpg', '2026-01-19', 1, 'albums/cover/albums/cover_3');
INSERT INTO `albums` VALUES (4, 'MMA', 19, 'https://res.cloudinary.com/dofdtbshx/image/upload/v1768759416/albums/cover/albums/cover_1768759416671.jpg', '2026-01-19', 1, 'albums/cover/albums/cover_1768759416671');
INSERT INTO `albums` VALUES (5, 'APT. ', 10, 'https://res.cloudinary.com/dofdtbshx/image/upload/v1768759487/albums/cover/albums/cover_1768759487578.jpg', '2026-01-19', 1, 'albums/cover/albums/cover_1768759487578');
INSERT INTO `albums` VALUES (6, 'Chúng Ta', NULL, 'https://res.cloudinary.com/dofdtbshx/image/upload/v1768761010/albums/cover/albums/cover_6.jpg', '2026-01-19', 1, 'albums/cover/albums/cover_6');
INSERT INTO `albums` VALUES (7, 'Fearless hoặc 1989', 11, 'https://res.cloudinary.com/dofdtbshx/image/upload/v1768760993/albums/cover/albums/cover_7.jpg', '2026-01-19', 1, 'albums/cover/albums/cover_7');
INSERT INTO `albums` VALUES (8, 'Thanh Xuân', 13, 'https://res.cloudinary.com/dofdtbshx/image/upload/v1768759709/albums/cover/albums/cover_1768759709240.jpg', '2026-01-19', 0, 'albums/cover/albums/cover_1768759709240');

-- ----------------------------
-- Table structure for songs
-- ----------------------------
DROP TABLE IF EXISTS `songs`;
CREATE TABLE `songs`  (
  `song_id` int NOT NULL AUTO_INCREMENT,
  `title` varchar(255) CHARACTER SET utf8mb4 COLLATE utf8mb4_unicode_ci NOT NULL,
  `album_id` int NULL DEFAULT NULL,
  `genre_id` int NULL DEFAULT NULL,
  `duration` int NULL DEFAULT NULL,
  `lyrics` longtext CHARACTER SET utf8mb4 COLLATE utf8mb4_unicode_ci NULL,
  `file_url` varchar(1024) CHARACTER SET utf8mb4 COLLATE utf8mb4_unicode_ci NOT NULL,
  `cover_url` varchar(512) CHARACTER SET utf8mb4 COLLATE utf8mb4_unicode_ci NULL DEFAULT NULL,
  `release_date` date NULL DEFAULT NULL,
  `is_active` tinyint NULL DEFAULT 1,
  `file_public_id` varchar(255) CHARACTER SET utf8mb4 COLLATE utf8mb4_unicode_ci NULL DEFAULT NULL,
  `cover_public_id` varchar(255) CHARACTER SET utf8mb4 COLLATE utf8mb4_unicode_ci NULL DEFAULT NULL,
  PRIMARY KEY (`song_id`) USING BTREE,
  INDEX `genre_id`(`genre_id` ASC) USING BTREE,
  INDEX `songs_ibfk_1`(`album_id` ASC) USING BTREE,
  CONSTRAINT `songs_ibfk_1` FOREIGN KEY (`album_id`) REFERENCES `albums` (`album_id`) ON DELETE SET NULL ON UPDATE RESTRICT,
  CONSTRAINT `songs_ibfk_2` FOREIGN KEY (`genre_id`) REFERENCES `genres` (`genre_id`) ON DELETE RESTRICT ON UPDATE RESTRICT
) ENGINE = InnoDB AUTO_INCREMENT = 28 CHARACTER SET = utf8mb4 COLLATE = utf8mb4_unicode_ci ROW_FORMAT = Dynamic;

-- ----------------------------
-- Records of songs
-- ----------------------------
INSERT INTO `songs` VALUES (1, 'Bonnie & ClydeYUQI', 1, 4, 174, '[Verse 1]\nYou pick me up when I feel down\nNo matter how deep in the night\nI got your back when we go out\nYou know I\'m always on your side\nYou make this world a little wild\nAnd we shout through crowded streets\nTurn up the noise and make it loud\nAnd let the world fall at our feet\n\n[Pre-Chorus]\nWe love it on the other side\nWhere the dreams are real, do what we like\nLet them point and laugh at who we are\nIt was you and me here dancing from the start\n\n[Chorus]\nWe don\'t need money to feel good\n\'Cause you\'re the ridе or die, the rest of my lifе\nDon\'t need a party to feel high\nWe\'re like the modern version of Bonnie and Clyde\n\n[Verse 2]\nYou see the truth, you\'re in my heart\nAnd you catch me every time\nAnd if you\'re low and fall apart\nI\'ll bring some peace back in your mind\n\n[Pre-Chorus]\nWe love it on the other side\nWhere the dreams are real, do what we like\nLet them point and laugh at who we are\nIt was you and me here dancing from the start\n\n[Chorus]\nWe don\'t need money to feel good\n\'Cause you\'re the ride or die, the rest of my life\nDon\'t need a party to feel high\nWe\'re like the modern version of Bonnie and Clyde\nWe don\'t need money to feel good\n\'Cause you\'re the ride or die, the rest of my life\nDon\'t need a party to feel high\nWe\'re like the modern version of Bonnie and Clyde\n\n[Bridge]\nGive me a three, two, one, I\'ll be dancing with you\nKeep it going on like every day\nAnd in a three, two, one, I\'ll shoot you straight to the moon\nThrough the sky, to the stars in your eyes\nThey\'ve all tried to bring us down but\nWe keep moving up\nThey wanna steal our golden crown\nBut all the roads will lead \'em back to us\n\n[Chorus]\nWe don\'t need money to feel good (To feel good)\n\'Cause you\'re the ride or die, the rest of my life\nDon\'t need a party to feel high\nWe\'re like the modern version of Bonnie and Clyde (Oh-oh-oh)\nWe don\'t need money to feel good\n\'Cause you\'re the ride or die, the rest of my life (For the rest of my life)\nDon\'t need a party to feel high\nWe\'re like the modern version of Bonnie and Clyde (Modern version of Bonnie and Clyde)', 'https://res.cloudinary.com/dofdtbshx/video/upload/v1768753466/songs/audio/song_1768753418886.mp3', 'https://res.cloudinary.com/dofdtbshx/image/upload/v1768753467/songs/cover/song_1768753418886_cover.jpg', '2026-01-18', 1, 'songs/audio/song_1768753418886', 'songs/cover/song_1768753418886_cover');
INSERT INTO `songs` VALUES (2, 'Bầu Trời Mới', NULL, 1, 262, '[Verse 1: Emcee L]\nThức giấc mỗi ngày là khi màn đêm vừa kéo về\nTiếng chuông ngân dài, nhưng vẫn không thấy một ai\nBờ vai nhữ rã rời, con tim em muốn dừng lại thôi\nKết thúc câu chuyện cũng là lúc không ai bước tiếp\n\n[Chorus: Lam & Emcee L]\nEm giờ đã có bầu trời mới, mọi chuyện sẽ qua thôi\nAnh thì tìm kiếm tình yêu dù đánh mất lâu rồi\nChạy thật nhanh, đi thật xa để cố quên những gì xảy ra\nNhưng trước mắt anh vẫn toàn thấy ký ức về em\nEm giờ đã có bầu trời mới, thế giới cũng đổi thay\nGiữa muôn vàn vì sao chiếu sáng nơi đây chỉ có mỗi anh lạc lõng\nĐoạn đường mới đừng tìm lại giấc mơ em đã cất sâu\nCó khi ngày mai ta sẽ vô tình gặp nhau, đứng thật lâu\n\n[Verse 2: Rabbit Run]\nCứ mỗi sớm ban mai là giấc mơ xưa lại đến\nVẫn cứ ngỡ bên tai là những thanh âm ngọt ngào\nGió cuốn những đám mây về một nơi xa\nMột bầu trời đầy rạng ngời nhưng thiếu vắng đôi ta\nCon đường kia chỉ một mình anh thôi\nEm giờ đang bước nơi xa cùng người\nNhững nụ cười đó từng được dành cho anh, yeah yeah yeah\nChỉ còn nhạt nhoà trong những cơn mơ\n\n[Chorus: Lam & Emcee L]\nEm giờ đã có bầu trời mới, mọi chuyện sẽ qua thôi\nAnh thì tìm kiếm tình yêu dù đánh mất lâu rồi\nChạy thật nhanh, đi thật xa để cố quên những gì xảy ra\nNhưng trước mắt anh vẫn toàn thấy ký ức về em\nEm giờ đã có bầu trời mới, thế giới cũng đổi thay\nGiữa muôn vàn vì sao chiếu sáng nơi đây chỉ có mỗi anh lạc lõng\nĐoạn đường mới đừng tìm lại giấc mơ em đã cất sâu\nCó khi ngày mai ta sẽ vô tình gặp nhau, đứng thật lâu\n\n[Verse 3: MPaKK]\nAi đưa tay như đang níu lấy hoa phai đang rơi\nChuyện tình buồn quên rồi trong sương đêm sang mai, ai mang phơi\nSao vang nghe bên tai âm thanh như ai đang kêu tên ai\nNgỡ như anh vẫn còn cảm thấy hơi thở của em sau vai\nEm ngọt ngào nhưng lại làm anh mất ngủ như một ly nâu\nLồng ngực cháy bỏng vì em mỗi khi anh lại hít một hơi sâu\nBản nhạc ngày đó ta nghe Thanh Bùi hát mãi \"Tình về nơi đâu\"\n2014 nhìn vào mắt em anh nghĩ mình sẽ trọn đời bên nhau\nNgười mơ sông núi người mơ bầu trời\nChỉ có mình anh là muốn cạnh em trọn đời\nAnh đã không biết mà cứ bước tiếp\nĐến khi anh thấy bàn chân rệu rời\nLà lúc anh biết nhịp đập của con tim anh đang sai\nAnh biết đến lúc dừng lại mong em hạnh phúc khi đi bên ai\nHoà mình vào dòng người để không ai thấy được mình cô đơn\nĐôi lúc anh nở nụ cười lại thấy sâu thẳm trong mình đau hơn\nAnh đưa mắt lên tự hỏi đâu đó bên dưới bầu trời xanh dương\nEm đã tìm thấy cho mình những điều em mong\nHay vẫn chưa bước qua tháng ngày mưa tuôn?\n\n[Bridge: JGKiD]\nVậy khung trời anh liệu có thể quay trở lại như xưa?\nMình anh ở trong một thế giới\nChẳng thể như lúc đầu\nNơi mặt trời cứ mãi bâng khuâng giữa đêm với ngày, yeah\nNơi nụ hoa, nhành cỏ xanh cánh bướm cứ phân vân\n\n[Chorus: Lam & Emcee L]\nEm giờ đã có bầu trời mới, thế giới cũng đổi thay\nGiữa muôn vàn vì sao chiếu sáng nơi đây chỉ có mỗi anh lạc lõng\nĐoạn đường mới đừng tìm lại giấc mơ em đã cất sâu\nCó khi ngày mai ta sẽ vô tình gặp nhau, cúi chào nhau', 'https://res.cloudinary.com/dofdtbshx/video/upload/v1768753613/songs/audio/song_1768753600976.mp3', 'https://res.cloudinary.com/dofdtbshx/image/upload/v1768753615/songs/cover/song_1768753600976_cover.jpg', '2026-01-18', 1, 'songs/audio/song_1768753600976', 'songs/cover/song_1768753600976_cover');
INSERT INTO `songs` VALUES (3, 'APT.', 5, 4, 169, '[Intro]\nChaeyeongiga joahaneun raendeom geim\nRaendeom geim\nGame start\n\n[Chorus: ROSÉ]\nApateu, apateu\nApateu, apateu\nApateu, apateu\nUh, uh-huh, uh-huh\nApateu, apateu\nApateu, apateu\nApateu, apateu\nUh, uh-huh, uh-huh\n\n[Verse 1: ROSÉ]\nKissy face, kissy face\nSent to your phone, but\nI\'m tryna kiss your lips for real (Uh-huh, uh-huh)\nRed hearts, red hearts\nThat\'s what I\'m on, yeah\nCome give me somethin\' I can feel, oh-oh, oh\n\n[Pre-Chorus: ROSÉ]\nDon\'t you want me like I want you, baby?\nDon\'t you need me like I need you now?\nSleep tomorrow, but tonight, go crazy\nAll you gotta do is just meet me at the\n\n[Chorus: ROSÉ]\nApatеu, apateu\nApateu, apateu\nApatеu, apateu\nUh, uh-huh, uh-huh\nApateu, apateu\nApateu, apateu\nApateu, apateu\nUh, uh-huh, uh-huh\n\n[Verse 2: Bruno Mars, Bruno Mars & ROSÉ]\nIt\'s whatever (Whatever), it\'s whatever (Whatever)\nIt\'s whatever (Whatever) you like (Woo)\nTurn this apateu into a club (Uh-huh, uh-huh)\nI\'m talkin\' drink, dance, smoke, freak, party all night (Come on)\nGeonbae, geonbae, girl, what\'s up? Oh-oh, oh\n\n[Pre-Chorus: Bruno Mars & ROSÉ]\nDon\'t you want me like I want you, baby?\nDon\'t you need me like I need you now?\nSleep tomorrow, but tonight, go crazy\nAll you gotta do is just meet me at the\n\n[Chorus: ROSÉ & Bruno Mars]\nApateu, apateu\nApateu, apateu\nApateu, apateu\nUh, uh-huh, uh-huh\nApateu, apateu\nApateu, apateu\nApateu, apateu\nUh, uh-huh, uh-huh\n\n[Bridge: ROSÉ, ROSÉ & Bruno Mars]\nHey, so now you know the game\nAre you ready?\n\'Cause I\'m comin\' to get ya, get ya, get ya\nHold on, hold on\nI\'m on my way\nYeah, yeah, yeah-yeah, yeah\nI\'m on my way\nHold on, hold on\nI\'m on my way\nYeah, yeah, yeah-yeah, yeah\nI\'m on my way\n\n[Pre-Chorus: ROSÉ & Bruno Mars]\nDon\'t you want me like I want you, baby?\nDon\'t you need me like I need you now?\nSleep tomorrow, but tonight, go crazy\nAll you gotta do is just meet me at the\n\n[Chorus: ROSÉ & Bruno Mars, ROSÉ, Bruno Mars]\nApateu, apateu\nApateu, apateu\nApateu, apateu\nJust meet me at the (Uh, uh-huh, uh-huh)\nApateu, apateu\nApateu, apateu\nApateu, apateu\nJust meet me at the (Uh, uh-huh, uh-huh)\nApateu, apateu\nApateu, apateu\nApateu, apateu\nJust meet me at the (Uh, uh-huh, uh-huh)\nApateu, apateu\nApateu, apateu\nApateu, apateu\nUh, uh-huh, uh-huh', 'https://res.cloudinary.com/dofdtbshx/video/upload/v1768753761/songs/audio/song_1768753755951.mp3', 'https://res.cloudinary.com/dofdtbshx/image/upload/v1768753763/songs/cover/song_1768753755951_cover.jpg', '2026-01-18', 1, 'songs/audio/song_1768753755951', 'songs/cover/song_1768753755951_cover');
INSERT INTO `songs` VALUES (4, 'BIGCITYBOI', NULL, 6, 201, 'Em on top, không phải trending\nKhông phải youtube, không phải trên zing\nAnh on top, em ở trên anh\nBeat touliver drop người ta gọi tên anh\n\nBig city, big city boi\nBig city, big city boi\nBig city, big city\nSpacespeakers in da house, make some mothefuckin\' noise\n\nThả tim đầy story em\nNhắn tin đầy trong dm\nCó phiền thì sorry em\nĐón, 10 giờ pm?\nYea em thích coi sea game\nHợp âm anh thích là cm\nXe em thích bm\nViệc anh thích là see em\nTrói em bằng cà vạt\nPenthouse trên đà lạt\nNếu mà ngoan em sẽ bị thương\nNếu mà hư em sẽ được phạt\nK R A Z Y about U\nHay là mang thêm friend đi không sao đâu\nYea anh không thường say yes\nVới em không thể say no\nNhìn anh look nào cũng fresh\nMake them haters say wow\n\nBig city, big city boi\nBig city, big city boi\nBig city, big city\nSpacespeakers in da house, make some mothefuckin\' noise\nShall we up all night, what you gonna do\nNgay sát DJ, what you gonna do\nThem bottles keep coming, what you gonna do\nThành phố này không ngủ tell me what you gonna do\n\nTừ lầu cao cho tới cuối ngõ\nMang chất đường phố về tận lối nhỏ\nĐáy quần vẫn dưới gối oh\nRap game này anh đại diện không thể chối bỏ\nNhạc đơn giản, không phải cầu kì\nĐừng hỏi anh tình yêu màu gì\nMấy thằng ghét anh muốn spotlight\nSorry anh là cầu chì\nKhông lòng vòng anh như hải phòng\nThích anh rồi phải không?\nKhông cần vội em như hà nội\nCần thêm thời gian em mới trải lòng\nCần em như anh cần thơ\nThật ra anh chỉ muốn em gần hơn\nThật ra anh chỉ muốn ta tương tác\nAnh chưa còn ngủ, em nói ngừng mơ\nKhông chịu ngủ anh như sài gòn\nParty với bạn all night long\nNếu mà đó là thứ em muốn\nAnh có thể làm em cho em hài lòng\nNghiện thuốc có thể \'lào cai\'\nNhưng nghiện em không thể nào cai\nTrai hư anh không cần phải diễn\nNhưng trai tốt anh phải vào vai\n\nBig city, big city boi\nBig city, big city boi\nBig city, big city\nSpacespeakers in da house, make some mothefuckin\' noise\nShall we up all night, what you gonna do\nNgay sát DJ, what you gonna do\nThem bottles keep coming, what you gonna do\nThành phố này không ngủ tell me what you gonna do\n\nBig city, big city boi\nBig city, big city boi\nBig city, big city\nSpacespeakers in da house, make some mothefuckin\' noise\nShall we up all night, what you gonna do\nNgay sát DJ, what you gonna do\nThem bottles keep coming, what you gonna do\nThành phố này không ngủ tell me what you gonna do', 'https://res.cloudinary.com/dofdtbshx/video/upload/v1768753865/songs/audio/song_1768753853050.mp3', 'https://res.cloudinary.com/dofdtbshx/image/upload/v1768753867/songs/cover/song_1768753853050_cover.jpg', '2026-01-18', 1, 'songs/audio/song_1768753853050', 'songs/cover/song_1768753853050_cover');
INSERT INTO `songs` VALUES (5, 'Bên Trên Tầng Lầu', 2, 1, 184, 'Verse 1:\nEm ơi đừng khóc bóng tối trước mắt sẽ bắt em đi\nEm ơi đừng lo em ơi đừng cho tương lai vụt tắt.\nSâu trong màu mắt có chút tiếc nuối phút cuối chỉ vì\nEm đâu hề sai em đâu thể mãi để trái tim đau\n\nPre:\nKhông còn tương lai, em cũng chẳng còn thương ai.\nSau bao niêm đau em mong rằng con tim em dừng lại.\nNỗi nhớ này lâu phai, nhốt em trong 1 lâu đài,\nLâu đài của những cơn đau bất tận\n\nChorus:\nVì sao em phải khóc?\nCó đáng để buồn đâu, tình yêu như cơn lốc thoáng phút chốc lướt qua thật mau.\nVì sao em phải khóc?\nCó đáng để buồn đâu, rượu kề môi em nốc, thoáng phút chốc đã vơi u sầu\n\nVerse 2:\nBuông bàn tay để chấm hết,\ntất cả thứ làm em buồn,\nbao gồm cả cuộc đời của em.\nEm à cho dù có khóc,\ncũng sẽ đến ngày phải quên,\nthiên đường vẫn chờ ngày em đến\nPre:\nKhông còn tương lai, em cũng chẳng còn thương ai.\nSau bao niêm đau em mong rằng con tim em dừng lại.\nNỗi nhớ này lâu phai, nhốt em trong 1 lâu đài,\nLâu đài của những cơn đau bất tận\n\nChorus:\nVì sao em phải khóc?\nCó đáng để buồn đâu, tình yêu như cơn lốc thoáng phút chốc lướt qua thật mau.\nVì sao em phải khóc?\nCó đáng để buồn đâu, rượu kề môi em nốc, thoáng phút chốc đã vơi u sầu', 'https://res.cloudinary.com/dofdtbshx/video/upload/v1768753962/songs/audio/song_1768753955147.mp3', 'https://res.cloudinary.com/dofdtbshx/image/upload/v1768753963/songs/cover/song_1768753955147_cover.jpg', '2026-01-18', 1, 'songs/audio/song_1768753955147', 'songs/cover/song_1768753955147_cover');
INSERT INTO `songs` VALUES (6, 'Kỵ Sĩ Và Ánh Sao', 3, 1, 206, 'Đêm sáng trăng\nAnh là bóng đêm đi lạc\nMang vết thương\nChàng kỵ sĩ tha phương\nQua cánh rừng\nBao mùa lá đã rơi vàng\nNgười trầm tư ngân nga khúc ca buồn\nEm ánh sao\nTrên trời phía bắc địa cầu\nĐã ngắm nhìn\nNghìn năm lá thu rơi\nEm xuyến xao\nTrong màu mắt anh xa vời\nChỉ thầm mong sáng soi lối đi người\nNhìn về em nhìn về em\nDù trong khoảnh khắc đây thôi\nNhìn thật sâu vào đôi mắt\nDù người chẳng cần đáp lời\nMột giây trôi qua là mãi mãi\nChỉ cần ta nhớ nhau trong đời\nMỗi khi lạc đường\nThì hãy nhìn lên ánh sao\nAnh hỡi\nChàng kỵ sĩ xuyên màn đêm\nĐi lạc vào trong giấc mộng\nNgười đừng mang theo nỗi buồn\nEm còn đây hoài vấn vương\nDù cho ta cách xa nhau\nQua hàng vạn năm ánh sáng\nChẳng cần tiếng yêu thành câu\nChỉ cần thấy nhau trong đời\nMột giây thôi một giây thôi\nHòa trong vũ khúc đôi ta\nNhìn thật sâu vào đôi mắt này\nChẳng thể nào thoát ra\nTựa như phép màu cổ tích\nMột không gian chỉ có hai người\nBiết sao quên một nụ hôn đã đánh rơi\nAnh hỡi\nChàng kỵ sĩ xuyên màn đêm\nĐi lạc vào trong giấc mộng\nNgười đừng mang theo nỗi buồn\nEm còn đây hoài vấn vương\nDù cho ta cách xa nhau\nQua hàng vạn năm ánh sáng\nChẳng cần tiếng yêu thành câu\nChỉ cần thấy nhau trong đời\nChàng kỵ sĩ em thầm thương\nĐã mệt nhoài nơi chiến trường\nNhìn người mang bao vết thương\nTrong hừng đông nhòa ánh dương\nChàng kỵ sĩ nhớ nơi xưa\nNhưng chẳng trở về được nữa\nCòn đây khúc ca dở dang\nBên một ánh sao đã tàn', 'https://res.cloudinary.com/dofdtbshx/video/upload/v1768754111/songs/audio/song_1768754100692.mp3', 'https://res.cloudinary.com/dofdtbshx/image/upload/v1768754113/songs/cover/song_1768754100692_cover.jpg', '2026-01-18', 1, 'songs/audio/song_1768754100692', 'songs/cover/song_1768754100692_cover');
INSERT INTO `songs` VALUES (7, 'GO!', 4, 4, 170, 'Urin pillyo eopseo dareun sign\nPaint the town choroksaegui lights\nPedare bareul ollyeo machi bike\nI just gotta get it\nWatch me go go go go go go\nI just gotta get it\nWatch me go go go go go go\nI just gotta get it\nGajyeowa new beat\nGajyeowa new hit\nGajyeowa new sheet\nMandeureo new sh—\nGajyeowa new beat\nGajyeowa new hit\nGajyeowa new sheet\nI\'m on the new sh—\nBaji naeryeo ipgo urin studioro gaji\nDrippy gojang nan deut baesugwani yeah yeah\nBulleowa new wave poseidongachi\nMartin play that beat\nYeah jageopsireseo bureul piwo bamdo daenatgachi\nUrin oneul mandeureotji\nAnd this track is so sick\nRebel jom deo kiwo\nI noraeneun dallyeo dosireul\nUrin pillyo eopseo dareun sign\nPaint the town choroksaegui lights\nPedare bareul ollyeo machi bike\nI just gotta get it\nWatch me go go go go go go\nI just gotta get it\nWatch me go go go go go go\nI just gotta get it\nEoryeosseul ttaebuteo nan dongneseo jom teugihaesseo\nMameun imi papseuta back at jung2 ttae\nUrin moja nulleosseugo new era chujinhae\nUril bogo eomjil deureo modeun gusidae yeah\nWatch me I\'m gon\' spit it\nPop and pop nan jigeum hit mode\nHitmancheoreom Hit mandeulgo sipeoseo nan reload\nChikichiki reload uh-uh reload\nSinho jumyeon baro deonjyeoneoeo\nMachi free throw\nUrin pillyo eopseo dareun sign\nPaint the town choroksaegui lights\nPedare bareul ollyeo machi bike\nI just gotta get it\nWatch me go go go go go go\nI just gotta get it\nWatch me go go go go go go\nI just gotta get it\nGajyeowa new beat\nGajyeowa new hit\nGajyeowa new sheet\nMandeureo new sh—\nGajyeowa new beat\nGajyeowa new hit\nGajyeowa new sheet\nI\'m on the new sh—', 'https://res.cloudinary.com/dofdtbshx/video/upload/v1768754528/songs/audio/song_1768754522746.mp3', 'https://res.cloudinary.com/dofdtbshx/image/upload/v1768754529/songs/cover/song_1768754522746_cover.jpg', '2026-01-18', 1, 'songs/audio/song_1768754522746', 'songs/cover/song_1768754522746_cover');
INSERT INTO `songs` VALUES (8, 'Hoa Xương Rồng', NULL, 1, 245, '[Verse 1: Huyền Baby]\nNhấc máy gọi liền ngay đi\nNgười nào làm anh điên cuồng, và khiến anh trồng cả cây si?\nĐêm nay sẽ rất dài, phần còn lại muốn biết gì để sau đi\nEm xin giữ chốt kiêu kỳ, nói hết ra còn vui gì?\n\n[Pre-Chorus: Diệp Lam Anh]\nMượn một nhấp hơi men dẫn hai ta, yeah\nGhé đến khu vườn e ấp nơi em nhưng cấm hái hoa, yeah\nPhía trước lối vào ong bướm từng bầy ríu rít cứ thi nhau\nMà chỉ một cách để đi vào lấy bút ra và ghi nào\n\n[Chorus: Trang Pháp, Ninh Dương Lan Ngọc]\nTrao em trái tim chẳng cần nhiều hơn trả lại anh gấp đôi\nCho anh mắt môi là chuyện còn con, chỉ cần em muốn thôi\nĐêm nay chưa biết ai mới là người yếu đuối, tới mà xem\nTa như chiếc lá đung đưa vào lần yêu cuối, xém là rơi\nRã rời tả tơi\n\nSao phải làm khác đi? Em chỉ là chính em\nĐừng vội tự đắc, lơ là cảnh giác, không chừng lại dính thêm\nTrần đời tìm đâu ra, cho được ai giống em\nNgọt ngào tựa hương hoa, làm người tan ra\nVậy thì yêu em nào được qua loa, qua loa\n\n[Verse 2: Khổng Tú Quỳnh]\nAi cũng bảo là em xinh, nhưng không biết em còn chung tình\nĂn đứt triệu vì sao lung linh\nCân hết trong mọi khung hình\nNhưng vẫn chưa yêu ai, yeah\nNgười hái hoa chưa qua, yeah\nCall me, call me right now, người ấy sẽ là ai nào?\n\n[Pre-Chorus: Trang Pháp]\nXin đừng để cho em trằn trọc suốt đêm\nLại gần đây bên em, cho môi này được ướt thêm\nDìu em đi bằng những thanh âm chẳng thể quên\n\n[Chorus: Diệp Lam Anh, Huyền Baby]\nTrao em trái tim chẳng cần nhiều hơn trả lại anh gấp đôi\nCho anh mắt môi là chuyện còn con, chỉ cần em muốn thôi\nĐêm nay chưa biết ai mới là người yếu đuối, tới mà xem\nTa như chiếc lá đung đưa vào lần yêu cuối, xém là rơi\nRã rời tả tơi\n\nSao phải làm khác đi? Em chỉ là chính em\nĐừng vội tự đắc, lơ là cảnh giác, không chừng lại dính thêm\nTrần đời tìm đâu ra, cho được ai giống em\nNgọt ngào tựa hương hoa, làm người tan ra\nVậy thì yêu em nào được qua loa, qua loa\n[Verse 3: Diệp Lam Anh, Trang Pháp]\nThôi thì em cũng đã nói rồi\nChơi trò chơi thì phải chấp nhận\nKhông có lỗ thì không có lời\nThua một keo sao anh phải giận?\nTrong một khu vườn lấp đầy hoa\nMình em ngát hương cả năm\nYêu được em là xác suất thống kê một trên triệu phần trăm\n\nGọi em là Cactus, anh sẽ cần Practice\nLàm quen với Stittches, oh my God\nGọi em là xương rồng, bên ngoài thì gai góc\nBên trong thì thương chồng, oh my God\n\n[Bridge: LUNAS]\nChỉ để ngắm, em chỉ để yêu, anh đừng vội đánh liều\nTình yêu xa hoa mà cứ qua loa thì em xin kiểu\n\n[Refrain]\nLUNAS, are you ready?\n\n[Chorus: Khổng Tú Quỳnh, Huyền Baby & LUNAS]\nTrao em trái tim chẳng cần nhiều hơn trả lại anh gấp đôi\nCho anh mắt môi là chuyện còn con, chỉ cần еm muốn thôi\nĐêm nay chưa biết ai mới là người yếu đuối, tới mà xem\nTa như chiếc lá đung đưa vào lần yêu cuối, xém là rơi\nRã rời tả tơi\n[Outro: LUNAS]\nSao phải làm khác đi? Em chỉ là chính em\nĐừng vội tự đắc, lơ là cảnh giác, không chừng lại dính thêm\nTrần đời tìm đâu ra, cho được ai giống em\nNgọt ngào tựa hương hoa, làm người tan ra\nVậy thì yêu еm nào được qua loa, qua loa', 'https://res.cloudinary.com/dofdtbshx/video/upload/v1768755596/songs/audio/song_1768755590744.mp3', 'https://res.cloudinary.com/dofdtbshx/image/upload/v1768755597/songs/cover/song_1768755590744_cover.jpg', '2026-01-19', 1, 'songs/audio/song_1768755590744', 'songs/cover/song_1768755590744_cover');
INSERT INTO `songs` VALUES (9, 'cô ấy của anh ấy', NULL, 9, 274, 'verse 1\ngiấc mộng năm ấy ta có\nnhẹ nhàng như cơn gió\ngiờ đã hoá tàn tro\nanh là người em từng yêu\ntim rơi trong một chiều\nhoàng hôn thời niên thiếu\n\ndẫu là luôn thấy đôi mắt\nbuồn làm tim đau thắt\nvẫn hoài yêu\nbao năm tháng cũng chẳng thể đo được hết nhớ thương đã trao\n\npre\nngày mà mình nằm hàng giờ nhìn mây bay trên trời xanh\nngày mà một lời tỏ tình rơi theo mưa nhanh-n-nhanh\ntừng lần hẹn hò giờ lại thành ký ức vẽ lên bức tranh\ntháng năm đã qua\nđẹp như thước phim chúng ta\nhay tua chậm\n\nchorus\nnhiều năm về sau tình cờ thấy nhau\nđôi mắt người vẫn một màu sẫm nâu\ncà phê trên tay anh đưa tay em cầm lấy,\ncó thể được xem như mình vừa cầm tay nhau?\n\n“xin lỗi vì đã chẳng thể tốt hơn\nxin lỗi chẳng thể trưởng thành sớm hơn”\nanh nói điều ấy khi trái tim em tan nát từ lâu\nvà đã phải học cách gượng cười\n\nchỉ tiếc, cô ấy giờ đây - “cô ấy” của anh\nchỉ tiếc, “cô ấy” của anh - không phải là em\n\nverse 2\ngió của những tháng năm ấy\nthổi qua đáy thung lũng\ntận cùng những ngày yêu\nanh là nụ hôn đầu tiên\nchỉ xuất hiện một lần\nngỡ người thân yêu nhất\n\ndẫu là luôn thấy đôi mắt\nbuồn làm tim đau thắt\nvẫn hoài yêu\nbao năm tháng cũng chẳng thể đo được hết nhớ thương đã trao\n\npre\nngày mà mình nằm hàng giờ nhìn mây bay trên trời xanh\nngày mà một lời tỏ tình rơi theo mưa nhanh-n-nhanh\ntừng lần hẹn hò giờ lại thành ký ức vẽ lên bức tranh\ntháng năm đã qua\nđẹp như thước phim chúng ta\nhay tua chậm\n\nchorus\nnhiều năm về sau tình cờ thấy nhau\nđôi mắt người vẫn một màu sẫm nâu\ncà phê trên tay anh đưa tay em cầm lấy,\ncó thể được xem như mình vừa cầm tay nhau?\n\n“xin lỗi vì đã chẳng thể tốt hơn\nxin lỗi chẳng thể trưởng thành sớm hơn”\nanh nói điều ấy khi trái tim em tan nát từ lâu\nvà ta đâu còn là gì của nhau\n\nchorus out\ncô ấy giờ là “cô ấy” của anh\n“cô ấy” của anh giờ không phải em\nanh vốn luôn có “cô ấy” cạnh bên chỉ là giờ đây em không còn được là “cô ấy”\n\n“xin lỗi vì đã chẳng thể tốt hơn\nxin lỗi chẳng thể trưởng thành sớm hơn”\nanh nói điều ấy khi trái tim em tan nát từ lâu\nvà ta đâu còn là gì của nhau\n\nchỉ tiếc, cô ấy giờ đây - “cô ấy” của anh\nchỉ tiếc, “cô ấy” của anh - không phải là em', 'https://res.cloudinary.com/dofdtbshx/video/upload/v1768755725/songs/audio/song_1768755718603.mp3', 'https://res.cloudinary.com/dofdtbshx/image/upload/v1768755727/songs/cover/song_1768755718603_cover.jpg', '2026-01-19', 1, 'songs/audio/song_1768755718603', 'songs/cover/song_1768755718603_cover');
INSERT INTO `songs` VALUES (10, 'FaSHioN', 4, 4, 174, 'Nae ti five bucks bajineun manwon\nMy vision myeot eoks myeot jos bezos\nDongmyo, wassup hongdae, wassup\nI make them famous I call that fashion\nFashion, fashion, fashion, fashion\nFashion, fashion, fashion, fashion\nNae ti five bucks bajineun manwon\nLet\'s get it let\'s go fashion fashion\nAngeonho naega san ot\nBogo mworago malhaedo jikyeo nae gojip\nHureucheu jjimhaenoeun sangpume\nIsseotdeon belteuneun now on my heori\nSorry, my granny, yojeum wae an oni\nSeopasin dongmyo halmeoni\nYeogin bihaenggi laeseo aelbeomeul\nKkeunnaego meositge dorawa\nBack on my swag\nOehwa talk hwanyul olla maeil\nGuje pan got me looking fresh\nPull up boys syaksyak geulgeonae bintijijyeoseu\nDongmyoeseo moyeo machi semina\nHongdaeeseo moyeo urin set it off\nCheongdamdong hangaundekkaji spreading out\nSquad is on the way\nBut we can\'t wrap it up\nNae ti, five bucks bajineun manwon\nMy vision myeot eoks myeot jos bezos\nDongmyo wassup hongdae wassup\nI make them famous I call that, fashion\nFashion, fashion, fashion, fashion\nFashion, fashion, fashion, fashion\nNae ti five bucks bajineun manwon\nLet\'s get it let\'s go fashion fashion\nSimjangi pop out\nCheonnune baro cop-cop\nGuje jjambap sammanwonjjari jamba\nFeel like rockstar\nHwak met galaro galla let\'s go\nTop designers\nHongdae matbogo hwanjang fashion\nCome and try\nDongmyo saenghwareseo nan\nCheryeogeul mani dakkanwa\nMosh pit haneun beop baewonwa\nBaewobwa baewobwa\nNeodo ppalli baewobwa\nOt mudeom sok dasi\nTaeeona bintijijyeoseu came alive\nDongmyoeseo moyeo machi semina\nHongdaeeseo moyeo urin set it off\nCheongdamdong hangaundekkaji spreading out\nSquad is on the way\nBut we can\'t wrap it up\nNae ti five bucks bajineun manwon\nMy vision myeot eoks myeot jos bezos\nDongmyo wassup hongdae wassup\nI make them famous I call that fashion\nFashion, fashion, fashion, fashion\nFashion, fashion, fashion, fashion\nFashion, fashion, fashion, fashion\nFashion, fashion, fashion, fashion\nFashion, fashion, fashion, fashion\nFashion, fashion, fashion, fashion\nFashion, fashion, fashion, fashion\nFashion, fashion, fashion, fashion', 'https://res.cloudinary.com/dofdtbshx/video/upload/v1768755806/songs/audio/song_1768755798896.mp3', 'https://res.cloudinary.com/dofdtbshx/image/upload/v1768755808/songs/cover/song_1768755798896_cover.jpg', '2026-01-19', 1, 'songs/audio/song_1768755798896', 'songs/cover/song_1768755798896_cover');
INSERT INTO `songs` VALUES (11, 'Enchanted', 7, 5, 352, 'There I was again tonight\nForcing laughter, faking smiles\nSame old tired, lonely place\nWalls of insincerity, shifting eyes and vacancy\nVanished when I saw your face\nAll I can say is, it was enchanting to meet you\nYour eyes whispered, \"Have we met?\"\n\'Cross the room your silhouette\nStarts to make its way to me\nThe playful conversation starts\nCounter all your quick remarks\nLike passing notes in secrecy\nAnd it was enchanting to meet you\nAll I can say is, I was enchanted to meet you\nThis night is sparkling, don\'t you let it go\nI\'m wonderstruck, blushing all the way home\nI\'ll spend forever wondering if you knew\nI was enchanted to meet you\nThe lingering question kept me up\n2 AM, who do you love?\nI wonder \'til I\'m wide awake\nAnd now I\'m pacing back and forth\nWishing you were at my door\nI\'d open up and you would say, \"Hey\"\nIt was enchanting to meet you\nAll I know is, I was enchanted to meet you\nThis night is sparkling, don\'t you let it go\nI\'m wonderstruck, blushing all the way home\nI\'ll spend forever wondering if you knew\nThat this night is flawless, don\'t you let it go\nI\'m wonderstruck, dancing around all alone\nI\'ll spend forever wondering if you knew\nI was enchanted to meet you\nThis is me praying that\nThis was the very first page\nNot where the story line ends\nMy thoughts will echo your name, until I see you again\nThese are the words I held back, as I was leaving too soon\nI was enchanted to meet you\nPlease don\'t be in love with someone else\nPlease don\'t have somebody waiting on you\nPlease don\'t be in love with someone else\nPlease don\'t have somebody waiting on you\nThis night is sparkling, don\'t you let it go\nI\'m wonderstruck, blushing all the way home\nI\'ll spend forever wondering if you knew\nThis night is flawless, don\'t you let it go\nI\'m wonderstruck, dancing around all alone\nI\'ll spend forever wondering if you knew\nI was enchanted to meet you\nPlease don\'t be in love with someone else\nPlease don\'t have somebody waiting on you', 'https://res.cloudinary.com/dofdtbshx/video/upload/v1768755895/songs/audio/song_1768755883575.mp3', 'https://res.cloudinary.com/dofdtbshx/image/upload/v1768755899/songs/cover/song_1768755883575_cover.jpg', '2026-01-19', 1, 'songs/audio/song_1768755883575', 'songs/cover/song_1768755883575_cover');
INSERT INTO `songs` VALUES (12, 'Hãy Trao Cho Anh', 6, 1, 245, 'Bóng ai đó nhẹ nhàng vụt qua nơi đây\nQuyến rũ ngây ngất loạn nhịp làm tim mê say\nCuốn lấy áng mây theo cơn sóng xô dập dìu\nNụ cười ngọt ngào cho ta tan vào phút giây miên man quên hết con đường về eh\nChẳng thể tìm thấy lối về ehhhhh\nĐiệu nhạc hòa quyện trong ánh mắt đôi môi\nDẫn lối những bối rối rung động khẽ lên ngôi\n\nChạm nhau mang vô vàn\nĐắm đuối vấn vương dâng tràn\nLấp kín chốn nhân gian\nLàn gió hóa sắc hương mơ màng\nMột giây ngang qua đời\nCất tiếng nói không nên lời\nẤm áp đến trao tay ngàn sao trời lòng càng thêm chơi vơi\nDịu êm không gian bừng sáng đánh thức muôn hoa mừng\nQuấn quít hát ngân nga từng chút níu bước chân em dừng\nBao ý thơ tương tư ngẩn ngơ\nLưu dấu nơi mê cung đẹp thẫn thờ\n\nHãy trao cho anh\nHãy trao cho anh\nHãy trao cho anh thứ anh đang mong chờ\nHãy trao cho anh\nHãy trao cho anh\nHãy mau làm điều ta muốn vào khoảnh khắc này đê\nHãy trao cho anh\nHãy trao cho anh\nHãy trao anh trao cho anh đi những yêu thương nồng cháy\nTrao anh ái ân nguyên vẹn đong đầy\n\nLooking at my Gucci is about that time\nWe can smoke a blunt and pop a bottle of wine\nNow get yourself together and be ready by nine\nCuz we gon’ do some things that will shatter your spine\nCome one, undone, Snoop Dogg, Son Tung\nLong Beach is the city that I come from\nSo if you want some, get some\nBetter enough take some, take some\n\n\nChạm nhau mang vô vàn\nĐắm đuối vấn vương dâng tràn\nLấp kín chốn nhân gian làn\nGió hóa sắc hương mơ màng\nMột giây ngang qua đời\nCất tiếng nói không nên lời\nẤm áp đến trao tay ngàn sao trời lòng càng thêm chơi vơi\nDịu êm không gian bừng sáng đánh thức muôn hoa mừng\nQuấn quít hát ngân nga từng chút níu bước chân em dừng\nBao ý thơ tương tư ngẩn ngơ\nLưu dấu nơi mê cung đẹp thẫn thờ\n\nHãy trao cho anh\nHãy trao cho anh\nHãy trao cho anh thứ anh đang mong chờ\nHãy trao cho anh\nHãy trao cho anh\nHãy mau làm điều ta muốn vào khoảnh khắc này đê\nHãy trao cho anh\nHãy trao cho anh\nHãy trao anh trao cho anh đi những yêu thương nồng cháy\nTrao anh ái ân nguyên vẹn đong đầy\n\n\nEm cho ta ngắm thiên đàng vội vàng qua chốc lát\nNhư thanh âm chứa bao lời gọi mời trong khúc hát\nLiêu xiêu ta xuyến xao rạo rực khát khao trông mong\nDịu dàng lại gần nhau hơn dang tay ôm em vào lòng\nTrao đi trao hết đi đừng ngập ngừng che dấu nữa\nQuên đi quên hết đi ngại ngùng lại gần thêm chút nữa\nChìm đắm giữa khung trời riêng hai ta như dần hòa quyện mắt nhắm mắt tay đan tay hồn lạc về miền trăng sao\n\nEm cho ta ngắm thiên đàng vội vàng qua chốc lát\nNhư thanh âm chứa bao lời gọi mời trong khúc hát\nLiêu xiêu ta xuyến xao rạo rực khát khao trông mong\nDịu dàng lại gần nhau hơn dang tay ôm em vào lòng\nTrao đi trao hết đi đừng ngập ngừng che dấu nữa\nQuên đi quên hết đi ngại ngùng lại gần thêm chút nữa\nChìm đắm giữa khung trời riêng hai ta như dần hòa quyện mắt nhắm mắt tay đan tay hồn lạc về miền trăng sao\n\nHãy trao cho anh\nHãy trao cho anh\nHãy trao cho anh\nHãy trao cho anh\nHãy trao cho anh\nHãy trao cho anh\nHãy trao cho anh\nHãy trao cho anh\nHãy trao cho anh\nHãy trao cho anh\nHãy trao cho anh thứ anh đang mong chờ', 'https://res.cloudinary.com/dofdtbshx/video/upload/v1768756010/songs/audio/song_1768756002782.mp3', 'https://res.cloudinary.com/dofdtbshx/image/upload/v1768756012/songs/cover/song_1768756002782_cover.jpg', '2026-01-19', 1, 'songs/audio/song_1768756002782', 'songs/cover/song_1768756002782_cover');
INSERT INTO `songs` VALUES (13, 'Khổ Quá Thì Về Mẹ Nuôi', NULL, 1, 207, 'Sau tháng ngày vất vả\nChỉ ước được trở về nhà\nMang trên tay là những món quà\nNơi có mẹ và ba\nCăn nhà xưa mới là tất cả\nKhông phải đô thị xa hoa\nKhông tấp nập phố xá\nMà tinh mơ có tiếng con gà\nSẽ đánh thức thay vì\nNghe tiếng chuông báo thức đi cày\nNơi xa nhiều thứ mệt lắm\nĐôi ba lời câu hỏi thăm\nChẳng có một ai quan tâm\nThân trai đôi khi cảm thấy sát song\nCô đơn sau những ngày dài\nKhoảng trống chưa lấp đầy lại\nCòn bao deadline cứ chờ đợi mãi\nQuê hương thì luôn hoài ngóng\nĐêm đêm nằm cứ chờ trông\nNghe câu hỏi nhớ nhà không\nỞ dưới góc tối nước mắt lưng tròng\nPhố đông bão giông\nCả sông động hết trong lòng\nNếu như phố thành khổ quá\nThì trở về nhà đây\nMẹ nuôi nhé con\nVề mẹ chăm cho bát cơm ngon\nĐể nghĩ suy lo lắng chẳng còn\nNếu trên phố thị mệt quá\nCứ bắt xe về đây\nBa mẹ chờ đón\nGạt bỏ qua phố xá nơi xa\nQuay về đây nhà ta sum vầy\nĐâu phải cần Tết đến\nChẳng phải chờ xuân tới\nMà chỉ cần ta nhớ\nLà về nhà với ba\nDù là có xa\nKhông được làm gì khó ta\nMẹ chẳng cần tiền con đâu\nChẳng cần con phải lo cho gia đình\nMiễn sao con không đau ốm\nThật mạnh khỏe quay về nhà mình\nThế thôi là mẹ vui lắm\nQuây quần mâm cơm\nTiếng cười say đắm\nBởi những ngày tháng đi xa\nNgôi nhà ta chỉ có lặng thầm\nNếu như phố thành khổ quá\nThì trở về nhà ngay\nMẹ nuôi nhé con\nVề mẹ chăm cho bát cơm ngon\nĐể nghĩ suy lo lắng chẳng còn\nNếu trên phố thị mệt quá\nCứ bắt xe về đây\nBa mẹ chờ đón\nGạt bỏ qua phố xá nơi xa\nQuay về đây nhà ta sum vầy\nMẹ chẳng cần tiền con đâu\nChẳng cần con phải lo cho gia đình\nMiễn sao con không đau ốm\nThật mạnh khỏe quay về nhà mình\nThế thôi là mẹ vui lắm\nQuây quần mâm cơm\nTiếng cười say đắm\nBởi những ngày tháng đi xa\nNgôi nhà ta chỉ có lặng thầm', 'https://res.cloudinary.com/dofdtbshx/video/upload/v1768756111/songs/audio/song_1768756103562.mp3', 'https://res.cloudinary.com/dofdtbshx/image/upload/v1768756113/songs/cover/song_1768756103562_cover.jpg', '2026-01-19', 1, 'songs/audio/song_1768756103562', 'songs/cover/song_1768756103562_cover');
INSERT INTO `songs` VALUES (14, 'Love story', 7, 5, 235, 'We were both young when I first saw you\nI close my eyes, and the flashback starts\nI\'m standing there\nOn a balcony in summer air\nSee the lights, see the party, the ball gowns\nSee you make your way through the crowd\nAnd say, \"Hello\"\nLittle did I know\nThat you were Romeo, you were throwing pebbles\nAnd my daddy said, \"Stay away from Juliet\"\n\nAnd I was crying on the staircase\nBegging you, \"Please don\'t go, \" and I said\nRomeo, take me somewhere we can be alone\nI\'ll be waiting, all there\'s left to do is run\nYou\'ll be the prince and I\'ll be the princess\nIt\'s a love story baby just say \"Yes\"\nSo I sneak out to the garden to see you\nWe keep quiet, \'cause we\'re dead if they knew\n\nSo close your eyes\nEscape this town for a little while\n\'Cause you were Romeo, I was a scarlet letter\nAnd my daddy said, \"Stay away from Juliet\"\nBut you were everything to me\nI was begging you please don\'t go and I said\nRomeo, take me somewhere we can be alone\n\nI\'ll be waiting, all there\'s left to do is run\nYou\'ll be the prince and I\'ll be the princess\nIt\'s a love story baby just say \"Yes\"\nRomeo, save me, they\'re trying to tell me how to feel\nThis love is difficult, but it\'s real\nDon\'t be afraid, we\'ll make it out of this mess\nIt\'s a love story baby just say \"Yes\"\n\nOh, oh\nI got tired of waiting\nWondering if you were ever coming around\nMy faith in you was fading\nWhen I met you on the outskirts of town, and I said\nRomeo save me I\'ve been feeling so alone\nI keep waiting for you but you never come\nIs this in my head? I don\'t know what to think\n\nHe knelt to the ground and pulled out a ring\nAnd said \"Marry me Juliet\nYou\'ll never have to be alone\nI love you and that\'s all I really know\nI talked to your dad, go pick out a white dress\nIt\'s a love story baby just say \'Yes\'\"\nOh, oh\nOh, oh\nBecause we were both young when I first saw you', 'https://res.cloudinary.com/dofdtbshx/video/upload/v1768756220/songs/audio/song_1768756212093.mp3', 'https://res.cloudinary.com/dofdtbshx/image/upload/v1768757384/songs/cover/song_14_cover.jpg', '2026-01-19', 1, 'songs/audio/song_1768756212093', 'songs/cover/song_14_cover');
INSERT INTO `songs` VALUES (15, 'M.O', 1, 4, 182, 'Wanna tell me where I can go honestly\nWho you try to control, never me\nKick you out the back door, no apologies\nSave your words for the birds and the bees\nWanna tell me where I can go, I\'ma leave\nmiss me with the drama,\nI know he\'s not for me\nKick you out the back door, gotta leave\nOn my line, buy my time, info free\nWhy you actin\' right nicer, should I remind ya?\nPull up a garage scene\nOoh,\nyou be the type to sell me a line just to get you what you need\nOoh,\nnobody but a girl some kinda grew Guess I woke up in a kinda mood,\nyeah\nYou actin\' suspect,\nyeah,\nit\'s not clear Why you choose to run back,\nit\'s your ego\nWhy you killin\' my vibe,\nbet you deny I seem lost in my mind\nWanna tell me where I can go honestly Who you try to control,\nnever me\nKick you out the back door,\nno apologies Save your words for the birds and the bees\nWanna tell me where I can go,\nI\'ma leave miss me with the drama,\nI know he\'s not for me\nKick you out the back door,\ngotta leave On my line,\nbuy my time,\ninfo free\nWhat\'s up?\nAmmo,\nwhat\'s up?\nAmmo,\nwhat\'s up?\nAmmo,\nnot a ring, not a tat, not a friend\nTell me what\'s up?\nAmmo,\nwhat\'s up?\nAmmo,\ntell me what\'s up?\nAmmo,\nyou need a ring,\nneed a check,\nneed a friend,\nso what\'s your ammo?\nSo what\'s your ammo?\nTell me what\'s your ammo?\nMotivation, I do try to go, got you like a\nTrust the feelings in my gut,\nand it\'s telling me I gotta hit you with a stop\nCause it ain\'t my job to keep you alive,\neven though you want it though\nWhat you want out of my league,\ntell me why not choke them,\neven when I let you go\nWhy you choose to come back, like it\'s a secret\nCause you\'re killin\' my vibe,\nbet you deny I seem lost in my mind\nWanna tell me where I can go,\nhonestly Who you try to control,\nnever me\nKick you out the back door,\nno apologies Save your words for the birds and the bees\nWanna tell me where I can go,\nI\'ma leave miss me with the drama,\nI know he\'s not for me\nKick you out the back door,\ngotta leave On my line,\nbuy my time,\ninfo free\nSo what\'s your ammo?\nSo what\'s your ammo?\nSo what\'s your ammo?\nSo what\'s your ammo?\nSo what\'s your ammo?', 'https://res.cloudinary.com/dofdtbshx/video/upload/v1768756310/songs/audio/song_1768756306817.mp3', 'https://res.cloudinary.com/dofdtbshx/image/upload/v1768756311/songs/cover/song_1768756306817_cover.jpg', '2026-01-19', 1, 'songs/audio/song_1768756306817', 'songs/cover/song_1768756306817_cover');
INSERT INTO `songs` VALUES (16, 'Nấu ăn cho em', NULL, 1, 241, 'Kìa mây mây ngang đầu\nKìa núi núi lô nhô\nCùng em trên con đường\nĐường bé xíu quanh co\nBăng qua những ngọn đồi\nThấy em nghiêng nghiêng cười trong đôi mắt tròn\nVà thế giới cũng nghiêng theo đôi bàn chân em\n\n[Đen]:\nMấy đứa trẻ đi lên trường, đội trên đầu là đoá mây trắng\nChân đạp lên mặt trời, môi thì cười và má hây nắng\nNhững nụ cười làm cho lòng đang bộn bề bỗng hoá ngay ngắn\nLên trên này thấy các em, anh mới thấy mình quá may mắn\nMặt trời vàng như trứng chiên\nKhi mà em đứng thẳng, núi và đồi phải đứng nghiêng\nCon đường quanh co quá, em chao lượn như cánh chim\nMai sau lớn em bơi giữa đời, em bơi khoẻ như Ánh Viên\nDù không còn là học sinh, anh thấy mình vẫn còn phải học hành\nNhư cây mọc lên từ đất, phải đủ chất thì nó mới mọc cành\nHọc cách bón thêm hạnh phúc, để cành đó mọc ra những điều lành\nVì anh nghĩ Số Phận là người luôn giám sát chứ không có điều hành\nNên anh mong các em sẽ không bao giờ bỏ cuộc\nVì anh biết tụi em nhỏ con nhưng mà dũng khí thì không thể nào nhỏ được\nYo, không thể nào mà nhỏ được!\n\n[PiaLinh]:\nKìa mây mây ngang đầu\nKìa núi núi lô nhô\nCùng em trên con đường\nĐường bé xíu quanh co\nBăng qua những ngọn đồi\nThấy em nghiêng nghiêng cười trong đôi mắt tròn\nVà thế giới cũng nghiêng theo đôi bàn chân em\n\n[Đen]:\nNấu cho các em ăn dù anh không là đầu bếp giỏi\nCũng là cách anh giúp chính mình, bớt nghĩ suy cho đầu hết mỏi\nAnh muốn thấy những vị khách nhỏ, ăn hết sạch những đồ ngon thơm\nVì anh biết những đứa trẻ này, mai này sẽ xây dựng quê hương\nNấu cho các em ăn, em lấy sức nhặt từng con chữ\nKhi có tri thức em thấy con hổ không còn hung dữ\nVà em sẽ lớn hơn cây mận ở bên vườn nhà\nLúc ấy thì mấy khe sâu chỉ là nét vẽ thêm rườm rà\nTụi mình muốn trở thành người tốt và đang phải học để làm điều đó\nTui mình nhìn các em để biết, những gì mình cần những gì mình có\nTụi mình cũng từng là trẻ thơ, cần được no cái bụng về chiều\nTui mình tập tìm cách cho đi vì biết cho đi sẽ nhận về nhiều\nVì:\nCho đi những nụ cười, những muộn phiền sẽ trôi rất xa\nCho đi niềm hạnh phúc sẽ nhận về gấp đôi gấp ba\n\n[PiaLinh]:\nTrong đôi mắt đó em thấy bầu trời, em thấy núi đồi mặt hồ trong veo\nMong chân sẽ cứng và đá luôn mềm trên mỗi con đường từng ngày em qua\nMặt trời trong trái tim hồng, vang trong lòng một tiếng gà trưa\nMong cho cây lá lên mầm, mong cho trời thuận gió hoà mưa\n\nKìa mây mây ngang đầu\nKìa núi núi lô nhô\nCùng em trên con đường\nĐường bé xíu quanh co\nBăng qua những ngọn đồi\nThấy em nghiêng nghiêng cười trong đôi mắt tròn\nVà thế giới cũng nghiêng theo đôi bàn chân em\n\n[Đen]:\nỞ dưới xuôi chúng mình gọi view này là view triệu đô, vậy thì ai mới là người dư dả?\nChúng mình làm và làm và làm, cũng chỉ để mong có ngày được thư thả\nVà khi xem lại những hình ảnh này, những áp lực chợt biến tan\nNhững nụ cười mát như nước giếng khoan\nVà những đôi mắt trong như ngọn nguồn ánh sáng\nChúng mình đều phải học cách để tốt lên qua ngày qua tháng\nLúc ban đầu thì chả ai tốt ngay được vì chả biết phải làm sao\nThế là nhìn những người tốt quanh mình xem họ làm gì và làm theo\nVà người tốt thì ngoài kia nhiều lắm!\nTôi tin vậy, tôi biết vậy!\nViệt Nam!', 'https://res.cloudinary.com/dofdtbshx/video/upload/v1768757523/songs/audio/song_1768757516978.mp3', 'https://res.cloudinary.com/dofdtbshx/image/upload/v1768757526/songs/cover/song_1768757516978_cover.jpg', '2026-01-19', 1, 'songs/audio/song_1768757516978', 'songs/cover/song_1768757516978_cover');
INSERT INTO `songs` VALUES (17, 'Những Kẻ Mộng Mơ', NULL, 9, 253, 'Biển, vẫn cứ thế trông về nơi xa\nKìa hoàng hôn rực rỡ và lấp lánh những nơi biển qua\nBờ cát vẫn nằm đợi sóng xô về, nhưng biển kia chẳng thể\nLại nhìn phía chân trời, cuộn làn sóng kia vội\nTìm hoàng hôn xa để kết đôi\nĐừng mộng mơ nữa, hỡi biển ơi\nChân trời xa lắm, chẳng có ai đợi\nPhía bên kia đại dương cũng chỉ có bờ cát nâng niu biển thôi\nĐừng mộng mơ nữa, hỡi kẻ mộng mơ\nMặt trời tận nơi góc vũ trụ bao la\nHoàng hôn đó chỉ là từng tia sáng mong manh từ nơi xa\nVà chỉ có anh bên em kế bên em khi gục ngã\n♪\nThủy triều vẫn thế đầy rồi lại vơi\nVà lại mang biển sóng ngày đến tối đi lạnh lùng vậy thôi\nBờ cát giữ biển lại mỗi khi về, nhưng biển kia chẳng thể\nLại nhìn phía chân trời, cuộn làn sóng kia vội\nTìm hoàng hôn xa để kết đôi\nĐừng mộng mơ nữa, hỡi biển ơi\nChân trời xa lắm, chẳng có ai đợi\nPhía bên kia đại dương cũng chỉ có bờ cát nâng niu biển thôi\nĐừng mộng mơ nữa, hỡi kẻ mộng mơ\nMặt trời tận nơi góc vũ trụ bao la\nHoàng hôn đó chỉ là từng tia sáng mong manh từ nơi xa\nVà chỉ có anh bên em kế bên em khi gục ngã\nÔm em thế nhưng em yêu lại đi\nĐừng lặng im như thế, biết sẽ đớn đau sao em lại đi?\nPhía bên kia đại dương cũng chỉ có bờ cát lặng im\nHoàng hôn ánh sáng xa tận ngút ngàn\nTừ góc vũ trụ lặng yên\nĐừng mộng mơ nữa, hỡi biển ơi\nChân trời xa lắm, chẳng có ai đợi\nPhía bên kia đại dương cũng chỉ có bờ cát nâng niu biển thôi\nĐừng mộng mơ nữa, hỡi kẻ mộng mơ\nMặt trời tận nơi góc vũ trụ bao la\n♪\nHoàng hôn đó chỉ là từng tia sáng mong manh từ nơi xa\nVà chỉ có anh bên em kế bên em khi gục ngã', 'https://res.cloudinary.com/dofdtbshx/video/upload/v1768757605/songs/audio/song_1768757601110.mp3', 'https://res.cloudinary.com/dofdtbshx/image/upload/v1768757608/songs/cover/song_1768757601110_cover.jpg', '2026-01-19', 1, 'songs/audio/song_1768757601110', 'songs/cover/song_1768757601110_cover');
INSERT INTO `songs` VALUES (18, 'Nỗi Đau Giữa Hòa Bình', NULL, 3, 319, 'Mọi người kể những câu chuyện xưa đã trở thành huyền thoại\nvà viết nên bao bài ca để ngàn năm hát mãi\nVề người mẹ việt nam anh hùng, đã quên mình\nGạt đi nước mắt, tiễn con lên đường\n\nNỗi đau người ở lại mấy ai hiểu được\nVì trái tim yêu đàn con và yêu đất nước\nNgười mẹ nào không xót thương con, nhớ thương con\nChờ tin chiến thắng về trong hy vọng..\n\nNgười mẹ ấy tìm con giữa tiếng reo dân tộc\nNgười vợ ấy tìm chồng giữa đám đông\nHoà bình đến rồi sao anh vẫn chưa trở về\nGiữa tiếng cười, mình mẹ rơi nước mắt\n\nĐạn bom đã ngừng bay nhưng vết thương sâu này\nVẫn âm ỉ ngày đêm làm sao nguôi\n“hoà bình đến rồi sao những đứa con của tôi\nCòn ngủ mãi giữa chiến trường thôi?”\n\nMột thời chiến tranh qua rồi mang cả con đi rồi\nChỉ có chim câu gửi về màu xanh chiếc áo\nViên đạn từ muôn hướng ghim vào trái tim mẹ\nMừng cho đất nước và đau cho mình\n\nNgười mẹ ấy tìm con giữa tiếng reo dân tộc\nNgười vợ ấy tìm chồng giữa đám đông\nHoà bình đến rồi sao anh vẫn chưa trở về\nGiữa tiếng cười, mình mẹ rơi nước mắt\n\nĐạn bom đã ngừng bay nhưng vết thương sâu này\nVẫn âm ỉ ngày đêm làm sao nguôi\n“hoà bình đến rồi sao những đứa con của tôi\nCòn ngủ mãi giữa chiến trường thôi?”\n\nĐộc lập đổi bằng bao nhiêu xương máu\nHoà bình đổi bằng bao nhiêu nỗi đau', 'https://res.cloudinary.com/dofdtbshx/video/upload/v1768757698/songs/audio/song_1768757693259.mp3', 'https://res.cloudinary.com/dofdtbshx/image/upload/v1768757700/songs/cover/song_1768757693259_cover.jpg', '2026-01-19', 1, 'songs/audio/song_1768757693259', 'songs/cover/song_1768757693259_cover');
INSERT INTO `songs` VALUES (20, 'Nơi Này Có Anh', 6, 1, 260, 'Em là ai từ đâu bước đến nơi đây dịu dàng chân phương\nEm là ai tựa như ánh nắng ban mai ngọt ngào trong sương\nNgắm em thật lâu\nCon tim anh yếu mềm\nĐắm say từ phút đó\nTừng giây trôi yêu thêm\nBao ngày qua bình minh đánh thức xua tan bộn bề nơi anh\nBao ngày qua niềm thương nỗi nhớ bay theo bầu trời trong xanh\nLiếc đôi hàng mi\nMong manh anh thẫn thờ\nMuốn hôn nhẹ mái tóc\nBờ môi em anh mơ\nCầm tay anh dựa vai anh\nKề bên anh nơi này có anh\nGió mang câu tình ca\nNgàn ánh sao vụt qua nhẹ ôm lấy em\n(Yêu em thương em con tim anh chân thành)\nCầm tay anh dựa vai anh\nKề bên anh nơi này có anh\nKhép đôi mi thật lâu\nNguyện mãi bên cạnh nhau\nYêu say đắm như ngày đầu\nMùa xuân đến bình yên\nCho anh những giấc mơ\nHạ lưu giữ ngày mưa\nNgọt ngào nên thơ\nMùa thu lá vàng rơi\nĐông sang anh nhớ em\nTình yêu bé nhỏ xin\nDành tặng riêng em\nCòn đó tiếng nói ấy bên tai\nVấn vương bao ngày qua\nÁnh mắt bối rối\nNhớ thương bao ngày qua\nYêu em anh thẫn thờ\nCon tim bâng khuâng đâu có ngờ\nChẳng bao giờ phải mong chờ\nĐợi ai trong chiều hoàng hôn mờ\nĐắm chìm hòa vào vần thơ\nNgắm nhìn khờ dại mộng mơ\nĐừng bước vội vàng rồi làm ngơ\nLạnh lùng đó làm bộ dạng thờ ơ\nNhìn anh đi em nha\nHướng nụ cười cho riêng anh nha\nĐơn giản là yêu\nCon tim anh lên tiếng thôi\nCầm tay anh dựa vai anh\nKề bên anh nơi này có anh\nGió mang câu tình ca\nNgàn ánh sao vụt qua nhẹ ôm lấy em\n(Yêu em thương em con tim anh chân thành)\nCầm tay anh dựa vai anh\nKề bên anh nơi này có anh\nKhép đôi mi thật lâu\nNguyện mãi bên cạnh nhau\nYêu say đắm như ngày đầu\nMùa xuân đến bình yên\nCho anh những giấc mơ\nHạ lưu giữ ngày mưa\nNgọt ngào nên thơ\nMùa thu lá vàng rơi\nĐông sang anh nhớ em\nTình yêu bé nhỏ xin\nDành tặng riêng em\nOh nhớ thương em\nOh nhớ thương em lắm\nAh phía sau chân trời\nCó ai băng qua lối về\nCùng em đi trên đoạn đường dài\nCầm tay anh dựa vai anh\nKề bên anh nơi này có anh\nGió mang câu tình ca\nNgàn ánh sao vụt qua nhẹ ôm lấy em\n(Yêu em thương em con tim anh chân thành)\nCầm tay anh dựa vai anh\nKề bên anh nơi này có anh\nKhép đôi mi thật lâu\nNguyện mãi bên cạnh nhau\nYêu say đắm như ngày đầu\nMùa xuân đến bình yên\nCho anh những giấc mơ\nHạ lưu giữ ngày mưa\nNgọt ngào nên thơ\nMùa thu lá vàng rơi\nĐông sang anh nhớ em\nTình yêu bé nhỏ xin\nDành tặng riêng em', 'https://res.cloudinary.com/dofdtbshx/video/upload/v1768757922/songs/audio/song_1768757919342.mp3', 'https://res.cloudinary.com/dofdtbshx/image/upload/v1768757924/songs/cover/song_1768757919342_cover.jpg', '2026-01-19', 1, 'songs/audio/song_1768757919342', 'songs/cover/song_1768757919342_cover');
INSERT INTO `songs` VALUES (21, 'Phố Xuân ', NULL, 7, 223, 'Bước cùng xuân\nTrên phố bao người xa lạ\nPhút chốc thành quen\nXôn xao niềm vui ta đón xuân\nChồi lá màu xanh xanh\nCầu chúc muôn nhà an lành\nSắc thắm ngàn hoa rộn rã tim mình\nSánh bước cùng anh\nMôi thắm xinh và xuân ngời\nThấp thoáng tình nhân\nTrao nhau nụ hôn trong tiếng cười\nLời hát nào bay xa\nMang tiếng ca về muôn nhà\nGió hát chào xuân ngàn nắng chan hoà\nMột ngày trời xuân trong xanh\nGiọt sương long lanh nụ hoa trên cành\nEm đi trong bình minh\nTrong dáng xuân yêu kiều\nThì thầm lời ai bên tai\nVà tay trong tay ngày mai ước thề\nTa đi trong tình yêu\nVui đất trời vào xuân\nBước cùng xuân\nTrên phố bao người xa lạ\nPhút chốc thành quen\nXôn xao niềm vui ta đón xuân\nChồi lá màu xanh xanh\nCầu chúc muôn nhà an lành\nSắc thắm ngàn hoa rộn rã tim mình\nSánh bước cùng anh\nMôi thắm xinh và xuân ngời\nThấp thoáng tình nhân\nTrao nhau nụ hôn trong tiếng cười\nLời hát nào bay xa\nMang tiếng ca về muôn nhà\nGió hát chào xuân ngàn nắng chan hoà\nMột ngày trời xuân trong xanh\nGiọt sương long lanh nụ hoa trên cành\nEm đi trong bình minh\nTrong dáng xuân yêu kiều\nThì thầm lời ai bên tai\nVà tay trong tay ngày mai ước thề\nTa đi trong tình yêu\nVui đất trời vào xuân\nBước cùng xuân\nTrên phố bao người xa lạ\nPhút chốc thành quen\nXôn xao niềm vui ta đón xuân\nChồi lá màu xanh xanh\nCầu chúc muôn nhà an lành\nSắc thắm ngàn hoa rộn rã tim mình\nSánh bước cùng anh\nMôi thắm xinh và xuân ngời\nThấp thoáng tình nhân\nTrao nhau nụ hôn trong tiếng cười\nLời hát nào bay xa\nMang tiếng ca về muôn nhà\nGió hát chào xuân ngàn nắng chan hoà\nMột ngày trời xuân trong xanh\nGiọt sương long lanh nụ hoa trên cành\nEm đi trong bình minh\nTrong dáng xuân yêu kiều\nThì thầm lời ai bên tai\nVà tay trong tay ngày mai ước thề\nTa đi trong tình yêu\nVui đất trời vào xuân', 'https://res.cloudinary.com/dofdtbshx/video/upload/v1768758063/songs/audio/song_1768758059099.mp3', 'https://res.cloudinary.com/dofdtbshx/image/upload/v1768758064/songs/cover/song_1768758059099_cover.jpg', '2026-01-19', 0, 'songs/audio/song_1768758059099', 'songs/cover/song_1768758059099_cover');
INSERT INTO `songs` VALUES (22, 'Tết Đong Đầy', NULL, 1, 206, 'Ngoài đường đông vui\nTràn ngập bao tiếng ca\nXuân năm nay đã đến rồi em ơi\nNgười người bên nhau\nTạm biệt năm cũ qua\nXuân yên vui về khắp bên mọi nhà\nXuân năm nay đến\nBao nhiêu câu chúc\nChúc gia đình nhà nhà luôn hạnh phúc\nHoa mai đua sắc\nCùng rạo rực đón xuân\nHy vọng một năm mới luôn bình an\nMẹ nấu bánh chưng xanh\nLàn gió khẽ lay đưa\nCùng tiếng múa lân vang\nTùng cheng tùng cheng thích mê chưa\nĐàn cháu chúc ông bà\nNhiều sức khỏe vui tươi\nNồng ấm cứ đong đầy\nCùng nhau chào xuân đến bên ta\nTết đong đầy\nXuân năm nay vui hơn năm qua\nPhúc lộc tài về với muôn mọi nhà\nTay trong tay anh và em đây vui ca\nHạnh phúc đong đầy là ngày tết sum vầy\nLá la là lá la là lá la la\nTết đong đầy\nLá la là lá la là lá la la\nTết đong đầy\nCuộc sống Sài Gòn quá tấp nập\nCon đây nhớ ba nhớ má nhớ quê\nThấy chú Tư chú Bảy lên chức\nNhìn lại thằng cháu sao mà thấy ứa ghê\nNăm nay con gửi ông bánh tét\nChứ mà mứt dừa là ông hổng ưa\nCòn thằng cu Tí biết mình nay đã lớn\nChạy theo đòi lì xì\nCòn năm ngàn cũng phải đưa\nXuân năm nay đến\nBao nhiêu câu chúc\nChúc gia đình nhà nhà luôn hạnh phúc\nHoa mai đua sắc\nCùng rạo rực đón xuân\nHy vọng một năm mới luôn bình an\nMẹ nấu bánh chưng xanh\nLàn gió khẽ lay đưa\nCùng tiếng múa lân vang\nTùng cheng tùng cheng thích mê chưa\nĐàn cháu chúc ông bà\nNhiều sức khỏe vui tươi\nNồng ấm cứ đong đầy\nCùng nhau chào xuân đến bên ta\nTết đong đầy\nXuân năm nay vui hơn năm qua\nPhúc lộc tài về với muôn mọi nhà\nTay trong tay anh và em đây vui ca\nHạnh phúc đong đầy là ngày tết sum vầy\nLá la là lá la là lá la la\nTết đong đầy\nLá la là lá la là lá la la\nTết đong đầy\nXuân năm nay đến\nBao nhiêu câu chúc\nChúc gia đình nhà nhà luôn hạnh phúc\nHoa mai đua sắc\nCùng rạo rực đón xuân\nHy vọng một năm mới luôn bình an\nMẹ nấu bánh chưng xanh\nLàn gió khẽ lay đưa\nCùng tiếng múa lân vang\nTùng cheng tùng cheng thích mê chưa\nĐàn cháu chúc ông bà\nNhiều sức khỏe vui tươi\nNồng ấm cứ đong đầy\nCùng nhau chào xuân đến bên ta\nTết đong đầy\nXuân năm nay vui hơn năm qua\nPhúc lộc tài về với muôn mọi nhà\nTay trong tay anh và em đây vui ca\nHạnh phúc đong đầy là ngày tết sum vầy\nLá la là lá la là lá la la\nTết đong đầy\nLá la là lá la là lá la la\nTết đong đầy\nLá la là lá la là lá la la\nLá la là lá la là lá la la\nTết đong đầy', 'https://res.cloudinary.com/dofdtbshx/video/upload/v1768758127/songs/audio/song_1768758123653.mp3', 'https://res.cloudinary.com/dofdtbshx/image/upload/v1768758129/songs/cover/song_1768758123653_cover.jpg', '2026-01-19', 1, 'songs/audio/song_1768758123653', 'songs/cover/song_1768758123653_cover');
INSERT INTO `songs` VALUES (23, 'Tết Này Con Sẽ Về', NULL, 1, 196, 'Tết này con sẽ về, dẫu ở đâu con cũng sẽ về\nVề đem hết chuyện kể ba nghe\nĐêm giao thừa vô bếp với mẹ\nTết này con sẽ về, mẹ đừng lo và chờ con nhé\nBởi con hiểu Tết của mẹ là, chỉ khi thấy con được quay trở về.\n\nNăm qua có lắm gian nan\nAi ai cũng thấy khó khăn\nNơi xa con biết rằng mẹ\nChắc đang nhiều lo lắng\nRưng rưng những lúc mẹ gọi\nNgoài việc hỏi thăm hết lời.\n\nTết này con sẽ về, dẫu ở đâu con cũng sẽ về\nVề đem hết chuyện kể ba nghe\nĐêm giao thừa vô bếp với mẹ\nTết này con sẽ về, mẹ đừng lo và chờ con nhé\nBởi con hiểu Tết của mẹ là, chỉ khi thấy con được quay trở về.\n\nTết này con sẽ về, dẫu ở đâu con cũng sẽ về\nVề đem hết chuyện kể ba nghe\nĐêm giao thừa vô bếp với mẹ\nTết này con sẽ về, mẹ đừng lo và chờ con nhé\nBởi con hiểu Tết của mẹ là, chỉ khi thấy con được quay trở về.\n\nĐôi khi con lỡ quên đi, vài năm nữa mẹ ba sẽ gìa\nMà con cứ mãi bôn ba, chẳng biết còn gặp mấy lần\nĐi xa mới biết trong ta, vội bỏ quên những điều quý giá\nTết năm nay, nhất định con sẽ về.\n\nTết này con sẽ về, dẫu ở đâu con cũng sẽ về\nVề đem hết chuyện kể ba nghe\nĐêm giao thừa vô bếp với mẹ\nTết này con sẽ về, mẹ đừng lo và chờ con nhé\nBởi con hiểu Tết của mẹ là, chỉ khi thấy con được quay trở về.\nBởi con hiểu Tết của mẹ là, thấy con thân yêu mình quay về nhà.', 'https://res.cloudinary.com/dofdtbshx/video/upload/v1768758282/songs/audio/song_1768758278100.mp3', 'https://res.cloudinary.com/dofdtbshx/image/upload/v1768758284/songs/cover/song_1768758278100_cover.jpg', '2026-01-19', 1, 'songs/audio/song_1768758278100', 'songs/cover/song_1768758278100_cover');
INSERT INTO `songs` VALUES (24, 'Thanh Xuân', 8, 9, 220, 'Hôm nay ta thức dậy cũng như thường nhật\nThấy thanh xuân ngày nào bỗng dưng trở lại\nEm soi gương cười duyên chẳng còn thấy đâu những vết đồi mồi\nMặc một chiếc váy xinh ngồi chờ anh qua\nAnh sẽ đưa em quay trở về với những ngày hôm qua\nKhi mà bao lo toan bộn bề vẫn đang ở nơi xa\nKhi mà tuổi trẻ vẫn vương trên mái tóc\nKhi mà bầu trời vẫn một vệt xanh trong\nĐời vẫn mênh mông chân ta ung dung bước\nVà tất cả những niềm mơ ở phía trước chẳng cách xa\nLại chỉ có đôi ta\nNhững ngày chỉ có đôi ta\nĐưa em về thanh xuân\nVề những dấu yêu ban đầu\nNhững âu lo cứ thế hững hờ qua tay\nTa thêm lần đôi mươi\nVà những ước ao đã từng\nỞ một tầng mây khác riêng hai chúng ta\nThời gian cứ thế nhẹ trôi\nDẫu em vài lần luyến tiếc\nMàn đêm kéo những mộng mơ\nNíu anh vào sâu mắt em\nChặng đường ta bước cùng nhau\nNhư thước phim lưu trong ký ức\nLà thanh xuân ta đã dành cho nhau\nAnh vẫn sẽ đưa tay về phía em chẳng chờ đợi điều gì\nVà anh vẫn sẽ đạp xe theo em vu vơ như xưa nhiều khi\nBó hoa cài bên cửa\nVẫn không lời nhắn gửi\nDành cho em cả nước mắt đắng bên cạnh kia những nụ cười\nBa mươi năm trong đời từng để vụt bao nhiêu điều tiếc nuối\nNhưng nếu một lần có lẽ vẫn chẳng cần trong tay em đến cuối\nCùng viết lên chuyện đời đến khi chỉ còn một điều để nói\n\"Yes, I love you baby\"\nBình yên ghé thăm chiều nay\nTuổi thanh xuân tô trời mây\nMột tia nắng, anh nhẹ mang vào trong lá thư tay\nTừng bỡ ngỡ trao về nhau\nGiọt nước mắt đôi tay khẽ lau\nCho vụng về trao ta như lần đầu\nĐưa em về thanh xuân\nVề những dấu yêu ban đầu\nNhững âu lo cứ thế hững hờ qua tay\nTa thêm lần đôi mươi\nVà những ước ao đã từng\nỞ một tầng mây khác riêng hai chúng ta\nĐưa em về thanh xuân\nVề những dấu yêu ban đầu\nNhững âu lo cứ thế hững hờ qua tay\nTa thêm lần đôi mươi\nVà những ước ao đã từng\nỞ một tầng mây khác riêng hai chúng ta\nHôm nay ta thức dậy cũng như thường nhật\nThấy thanh xuân ngày nào bỗng dưng trở lại\nEm soi gương cười duyên chẳng còn thấy đâu những vết đồi mồi\nMặc một chiếc váy xinh\nNgồi chờ anh về', 'https://res.cloudinary.com/dofdtbshx/video/upload/v1768758357/songs/audio/song_1768758354408.mp3', 'https://res.cloudinary.com/dofdtbshx/image/upload/v1768758359/songs/cover/song_1768758354408_cover.jpg', '2026-01-19', 1, 'songs/audio/song_1768758354408', 'songs/cover/song_1768758354408_cover');
INSERT INTO `songs` VALUES (25, 'Đường Đến Ngày Vinh Quang', NULL, 7, 249, ' Cùng trèo lên đỉnh núi cao vời vợi\nĐể ta khắc tên mình trên đời\nDù ta biết gian nan đang chờ đón\nVà trái tim vẫn âm thầm\nTa bước đi hướng tới muôn vì sao.\n\nChặng đường nào trải bước trên hoa hồng\nBàn chân cũng thấm đau vì những mũi gai\nĐường vinh quang đi qua muôn ngàn sóng gió\nLời hứa ghi trong tim mình\nVẫn bước đi hiên ngang đầu ngẩng cao.\n\nVà con tim ta đã ước nguyện cùng nhau vai kề vai\nNiềm vinh quang ta chia sẻ cùng nhau.\n\n[ĐK:]\nNgày đó, ngày đó sẽ không xa xôi\nVà chúng ta là người chiến thắng\nVà ta biết dẫu lắm thác ghềnh cheo leo trên đường xa\nVượt gian nan ta vươn tới những đỉnh cao.\n\nNgày đó, ngày đó sẽ không xa xôi\nVà chúng ta là người chiến thắng\nĐường đến những ngày vinh quang không còn xa\nDù khó khăn vẫn còn.\n\n2. Và mặt trời rực sáng trên cao vời\nBan sức sống huy hoàng khắp muôn nơi\nCài vinh quang lên vai những người chiến thắng\nKhoảnh khắc ghi trong tim hồng\nBao khó khăn ta cũng sẽ vượt qua.\n\nVà con tim ta đã ước nguyện cùng nhau vai kề vai\nNiềm vinh quang ta chia sẻ cùng nhau.', 'https://res.cloudinary.com/dofdtbshx/video/upload/v1768758477/songs/audio/song_1768758471916.mp3', 'https://res.cloudinary.com/dofdtbshx/image/upload/v1768758478/songs/cover/song_1768758471916_cover.jpg', '2026-01-19', 1, 'songs/audio/song_1768758471916', 'songs/cover/song_1768758471916_cover');
INSERT INTO `songs` VALUES (26, 'Thiệp Hồng Sai Tên', NULL, 9, 320, 'Có kí ức chưa thể vơi trong lòng\nChuyện tình yêu\nĐẹp như khúc ca tôi với người\nEm ngân nga anh đàn câu thiết tha\nKhúc ca tên cô dâu chú rể\nLà hai ta\nAnh đâu hay em muốn nơi sang giàu\nTìm về chốn phồn hoa\nBỏ anh với khúc nhạc\nNơi phương xa họ về đây rước dâu\nCâu hát chung đôi\nEm mới ca nửa chừng\nEm viết thiệp hồng tên em thì đúng\nNhưng tại sao sai tên anh\nAi cắt tơ hồng\nAi gieo tình duyên ta nửa vời\nAi hát sai lời ai trật nhịp\nAi dừng lại khi đang ca\nĐàn sai cung lệch phím\nTất cả là tại anh\nKhoác áo vu quy em làm dâu\nLời thề em để đâu\nBên ấy sang giàu\nĐừng bận tâm anh bể dâu\nCâu hát ân tình anh một mình\nGiờ ngồi đàn ai nghe đây\nĐàn so dây chưa kịp\nNgười đành buông tay\nAnh đâu hay em muốn nơi sang giàu\nTìm về chốn phồn hoa\nBỏ anh với khúc nhạc\nNơi phương xa họ về đây rước dâu\nCâu hát chung đôi\nEm mới ca nửa chừng\nEm viết thiệp hồng tên em thì đúng\nNhưng tại sao sai tên anh\nAi cắt tơ hồng\nAi gieo tình duyên ta nửa vời\nAi hát sai lời ai trật nhịp\nAi dừng lại khi đang ca\nĐàn sai cung lệch phím\nTất cả là tại anh\nKhoác áo vu quy em làm dâu\nLời thề em để đâu\nBên ấy sang giàu\nĐừng bận tâm anh bể dâu\nCâu hát ân tình anh một mình\nGiờ ngồi đàn ai nghe đây\nĐàn so dây chưa kịp\nNgười đành buông tay\nEm viết thiệp hồng tên em thì đúng\nTại sao sai tên anh\nAi cắt tơ hồng\nAi gieo tình duyên ta nửa vời\nAi hát sai lời ai trật nhịp\nDừng lại khi đang ca\nĐàn sai cung lệch phím\nTất cả là tại anh\nKhoác áo vu quy em làm dâu\nLời thề em để đâu\nBên ấy sang giàu\nĐừng bận tâm anh bể dâu\nCâu hát ân tình anh một mình\nGiờ ngồi đàn ai nghe đây\nĐàn so dây chưa kịp\nNgười đành buông tay\nEm bỏ anh rồi người ơi', 'https://res.cloudinary.com/dofdtbshx/video/upload/v1768758570/songs/audio/song_1768758561764.mp3', 'https://res.cloudinary.com/dofdtbshx/image/upload/v1768758572/songs/cover/song_1768758561764_cover.jpg', '2026-01-19', 1, 'songs/audio/song_1768758561764', 'songs/cover/song_1768758561764_cover');
INSERT INTO `songs` VALUES (27, 'What A Wonderful World', NULL, 8, 180, 'What A Wonderful World I see skies of blue and clouds of white The bright blessed day, the dark sacred night And I think to myself, what a wonderful world The colors of the rainbow, so pretty in the sky Are also on the faces of people going by I see friends shaking hands, saying how do you do They\'re really saying I love you I hear babies cry, I watch them grow They\'re like much more than I\'ll ever know And I think to myself, what a wonderful world Yes, I think to myself, what a wonderful world Oh yes', 'https://res.cloudinary.com/dofdtbshx/video/upload/v1768758653/songs/audio/song_1768758643458.mp3', 'https://res.cloudinary.com/dofdtbshx/image/upload/v1768758655/songs/cover/song_1768758643458_cover.jpg', '2026-01-19', 0, 'songs/audio/song_1768758643458', 'songs/cover/song_1768758643458_cover');

-- ----------------------------
-- Table structure for playlists
-- ----------------------------
DROP TABLE IF EXISTS `playlists`;
CREATE TABLE `playlists`  (
  `playlist_id` int NOT NULL AUTO_INCREMENT,
  `user_id` int NOT NULL,
  `name` varchar(255) CHARACTER SET utf8mb4 COLLATE utf8mb4_unicode_ci NOT NULL,
  `cover_url` varchar(512) CHARACTER SET utf8mb4 COLLATE utf8mb4_unicode_ci NULL DEFAULT NULL,
  `is_public` tinyint NULL DEFAULT 0,
  `created_at` datetime NULL DEFAULT current_timestamp(),
  PRIMARY KEY (`playlist_id`) USING BTREE,
  INDEX `user_id`(`user_id` ASC) USING BTREE,
  CONSTRAINT `playlists_ibfk_1` FOREIGN KEY (`user_id`) REFERENCES `users` (`user_id`) ON DELETE CASCADE ON UPDATE RESTRICT
) ENGINE = InnoDB AUTO_INCREMENT = 2 CHARACTER SET = utf8mb4 COLLATE = utf8mb4_unicode_ci ROW_FORMAT = Dynamic;

-- ----------------------------
-- Records of playlists
-- ----------------------------
INSERT INTO `playlists` VALUES (1, 1, 'My Playlists', NULL, 1, '2026-01-04 12:21:53');

-- ----------------------------
-- Table structure for song_artists
-- ----------------------------
DROP TABLE IF EXISTS `song_artists`;
CREATE TABLE `song_artists`  (
  `song_id` int NOT NULL,
  `artist_id` int NOT NULL,
  PRIMARY KEY (`song_id`, `artist_id`) USING BTREE,
  INDEX `artist_id`(`artist_id` ASC) USING BTREE,
  CONSTRAINT `song_artists_ibfk_1` FOREIGN KEY (`song_id`) REFERENCES `songs` (`song_id`) ON DELETE CASCADE ON UPDATE RESTRICT,
  CONSTRAINT `song_artists_ibfk_2` FOREIGN KEY (`artist_id`) REFERENCES `artists` (`artist_id`) ON DELETE CASCADE ON UPDATE RESTRICT
) ENGINE = InnoDB CHARACTER SET = utf8mb4 COLLATE = utf8mb4_unicode_ci ROW_FORMAT = Dynamic;

-- ----------------------------
-- Records of song_artists
-- ----------------------------
INSERT INTO `song_artists` VALUES (1, 14);
INSERT INTO `song_artists` VALUES (2, 13);
INSERT INTO `song_artists` VALUES (3, 10);
INSERT INTO `song_artists` VALUES (4, 3);
INSERT INTO `song_artists` VALUES (5, 12);
INSERT INTO `song_artists` VALUES (6, 5);
INSERT INTO `song_artists` VALUES (7, 19);
INSERT INTO `song_artists` VALUES (8, 20);
INSERT INTO `song_artists` VALUES (9, 4);
INSERT INTO `song_artists` VALUES (10, 19);
INSERT INTO `song_artists` VALUES (11, 11);
INSERT INTO `song_artists` VALUES (12, 9);
INSERT INTO `song_artists` VALUES (13, 7);
INSERT INTO `song_artists` VALUES (14, 11);
INSERT INTO `song_artists` VALUES (15, 14);
INSERT INTO `song_artists` VALUES (17, 7);
INSERT INTO `song_artists` VALUES (18, 6);
INSERT INTO `song_artists` VALUES (20, 9);
INSERT INTO `song_artists` VALUES (21, 8);
INSERT INTO `song_artists` VALUES (22, 21);
INSERT INTO `song_artists` VALUES (23, 23);
INSERT INTO `song_artists` VALUES (24, 13);
INSERT INTO `song_artists` VALUES (25, 8);
INSERT INTO `song_artists` VALUES (26, 8);
INSERT INTO `song_artists` VALUES (27, 24);


-- ----------------------------
-- Table structure for playlist_songs
-- ----------------------------
DROP TABLE IF EXISTS `playlist_songs`;
CREATE TABLE `playlist_songs`  (
  `playlist_id` int NOT NULL,
  `song_id` int NOT NULL,
  PRIMARY KEY (`playlist_id`, `song_id`) USING BTREE,
  INDEX `song_id`(`song_id` ASC) USING BTREE,
  CONSTRAINT `playlist_songs_ibfk_1` FOREIGN KEY (`playlist_id`) REFERENCES `playlists` (`playlist_id`) ON DELETE CASCADE ON UPDATE RESTRICT,
  CONSTRAINT `playlist_songs_ibfk_2` FOREIGN KEY (`song_id`) REFERENCES `songs` (`song_id`) ON DELETE CASCADE ON UPDATE RESTRICT
) ENGINE = InnoDB CHARACTER SET = utf8mb4 COLLATE = utf8mb4_unicode_ci ROW_FORMAT = Dynamic;


----------------------------
-- Table structure for favorites
-- ----------------------------
DROP TABLE IF EXISTS `favorites`;
CREATE TABLE `favorites`  (
  `user_id` int NOT NULL,
  `song_id` int NOT NULL,
  PRIMARY KEY (`user_id`, `song_id`) USING BTREE,
  INDEX `song_id`(`song_id` ASC) USING BTREE,
  CONSTRAINT `favorites_ibfk_1` FOREIGN KEY (`user_id`) REFERENCES `users` (`user_id`) ON DELETE CASCADE ON UPDATE RESTRICT,
  CONSTRAINT `favorites_ibfk_2` FOREIGN KEY (`song_id`) REFERENCES `songs` (`song_id`) ON DELETE CASCADE ON UPDATE RESTRICT
) ENGINE = InnoDB CHARACTER SET = utf8mb4 COLLATE = utf8mb4_unicode_ci ROW_FORMAT = Dynamic;

-- ----------------------------
-- Records of favorites
-- ----------------------------
INSERT INTO `favorites` VALUES (1, 3);
INSERT INTO `favorites` VALUES (1, 9);
INSERT INTO `favorites` VALUES (1, 12);
INSERT INTO `favorites` VALUES (2, 3);
INSERT INTO `favorites` VALUES (2, 4);
INSERT INTO `favorites` VALUES (2, 24);
INSERT INTO `favorites` VALUES (3, 1);
INSERT INTO `favorites` VALUES (3, 10);
INSERT INTO `favorites` VALUES (4, 3);
INSERT INTO `favorites` VALUES (4, 9);
INSERT INTO `favorites` VALUES (4, 15);
INSERT INTO `favorites` VALUES (5, 11);
INSERT INTO `favorites` VALUES (5, 14);
INSERT INTO `favorites` VALUES (5, 27);
INSERT INTO `favorites` VALUES (6, 1);
INSERT INTO `favorites` VALUES (6, 5);
INSERT INTO `favorites` VALUES (6, 12);
INSERT INTO `favorites` VALUES (7, 9);
INSERT INTO `favorites` VALUES (7, 24);
INSERT INTO `favorites` VALUES (8, 3);
INSERT INTO `favorites` VALUES (8, 12);
INSERT INTO `favorites` VALUES (8, 20);
INSERT INTO `favorites` VALUES (9, 3);
INSERT INTO `favorites` VALUES (9, 11);
INSERT INTO `favorites` VALUES (10, 1);
INSERT INTO `favorites` VALUES (10, 12);
INSERT INTO `favorites` VALUES (10, 18);

-- ----------------------------
-- Table structure for history
-- ----------------------------
DROP TABLE IF EXISTS `history`;
CREATE TABLE `history`  (
  `history_id` int NOT NULL AUTO_INCREMENT,
  `user_id` int NOT NULL,
  `song_id` int NOT NULL,
  `listened_at` datetime NULL DEFAULT current_timestamp(),
  `listened_duration` int NULL DEFAULT 0,
  PRIMARY KEY (`history_id`) USING BTREE,
  INDEX `user_id`(`user_id` ASC) USING BTREE,
  INDEX `song_id`(`song_id` ASC) USING BTREE,
  CONSTRAINT `history_ibfk_1` FOREIGN KEY (`user_id`) REFERENCES `users` (`user_id`) ON DELETE CASCADE ON UPDATE RESTRICT,
  CONSTRAINT `history_ibfk_2` FOREIGN KEY (`song_id`) REFERENCES `songs` (`song_id`) ON DELETE CASCADE ON UPDATE RESTRICT
) ENGINE = InnoDB AUTO_INCREMENT = 255 CHARACTER SET = utf8mb4 COLLATE = utf8mb4_unicode_ci ROW_FORMAT = Dynamic;

-- ----------------------------
-- Records of history
-- ----------------------------
INSERT INTO `history` VALUES (82, 1, 3, '2026-01-10 08:30:00', 180);
INSERT INTO `history` VALUES (83, 2, 5, '2026-01-10 20:15:00', 200);
INSERT INTO `history` VALUES (84, 3, 9, '2026-01-11 09:10:00', 150);
INSERT INTO `history` VALUES (85, 4, 3, '2026-01-11 15:30:00', 180);
INSERT INTO `history` VALUES (86, 5, 12, '2026-01-11 21:00:00', 190);
INSERT INTO `history` VALUES (87, 6, 1, '2026-01-12 10:00:00', 175);
INSERT INTO `history` VALUES (88, 7, 24, '2026-01-12 14:20:00', 210);
INSERT INTO `history` VALUES (89, 1, 27, '2026-01-12 19:45:00', 240);
INSERT INTO `history` VALUES (90, 8, 3, '2026-01-13 07:00:00', 180);
INSERT INTO `history` VALUES (91, 9, 3, '2026-01-13 08:15:00', 180);
INSERT INTO `history` VALUES (92, 10, 3, '2026-01-13 12:30:00', 180);
INSERT INTO `history` VALUES (93, 1, 3, '2026-01-13 18:00:00', 180);
INSERT INTO `history` VALUES (94, 2, 9, '2026-01-13 22:00:00', 200);
INSERT INTO `history` VALUES (95, 3, 11, '2026-01-14 09:00:00', 220);
INSERT INTO `history` VALUES (96, 4, 15, '2026-01-14 16:30:00', 190);
INSERT INTO `history` VALUES (97, 5, 5, '2026-01-15 11:15:00', 200);
INSERT INTO `history` VALUES (98, 6, 12, '2026-01-15 13:45:00', 185);
INSERT INTO `history` VALUES (99, 7, 20, '2026-01-15 20:00:00', 170);
INSERT INTO `history` VALUES (100, 8, 24, '2026-01-16 08:30:00', 210);
INSERT INTO `history` VALUES (101, 9, 10, '2026-01-16 17:10:00', 160);
INSERT INTO `history` VALUES (102, 10, 22, '2026-01-16 23:00:00', 180);
INSERT INTO `history` VALUES (103, 1, 1, '2026-01-17 09:00:00', 175);
INSERT INTO `history` VALUES (104, 2, 1, '2026-01-17 10:30:00', 175);
INSERT INTO `history` VALUES (105, 3, 3, '2026-01-17 14:00:00', 180);
INSERT INTO `history` VALUES (106, 4, 27, '2026-01-17 19:00:00', 250);
INSERT INTO `history` VALUES (107, 5, 9, '2026-01-17 21:00:00', 205);
INSERT INTO `history` VALUES (108, 6, 16, '2026-01-18 10:00:00', 190);
INSERT INTO `history` VALUES (109, 7, 18, '2026-01-18 15:20:00', 210);
INSERT INTO `history` VALUES (110, 8, 3, '2026-01-19 07:30:00', 180);
INSERT INTO `history` VALUES (111, 9, 12, '2026-01-19 11:00:00', 185);
INSERT INTO `history` VALUES (112, 10, 1, '2026-01-19 14:00:00', 170);
INSERT INTO `history` VALUES (113, 1, 9, '2026-01-19 16:30:00', 200);
INSERT INTO `history` VALUES (114, 1, 10, '2026-01-10 07:15:00', 185);
INSERT INTO `history` VALUES (115, 4, 21, '2026-01-10 13:20:00', 200);
INSERT INTO `history` VALUES (116, 5, 3, '2026-01-10 18:45:00', 180);
INSERT INTO `history` VALUES (117, 2, 27, '2026-01-11 08:00:00', 250);
INSERT INTO `history` VALUES (118, 7, 12, '2026-01-11 12:30:00', 170);
INSERT INTO `history` VALUES (119, 9, 1, '2026-01-11 20:10:00', 160);
INSERT INTO `history` VALUES (120, 10, 4, '2026-01-11 22:15:00', 190);
INSERT INTO `history` VALUES (121, 3, 14, '2026-01-12 19:00:00', 210);
INSERT INTO `history` VALUES (122, 6, 9, '2026-01-12 20:30:00', 205);
INSERT INTO `history` VALUES (123, 8, 3, '2026-01-12 21:45:00', 180);
INSERT INTO `history` VALUES (124, 1, 3, '2026-01-13 06:45:00', 180);
INSERT INTO `history` VALUES (125, 2, 3, '2026-01-13 08:30:00', 180);
INSERT INTO `history` VALUES (126, 4, 3, '2026-01-13 12:15:00', 180);
INSERT INTO `history` VALUES (127, 5, 3, '2026-01-13 15:20:00', 180);
INSERT INTO `history` VALUES (128, 7, 3, '2026-01-13 18:00:00', 180);
INSERT INTO `history` VALUES (129, 9, 3, '2026-01-13 21:10:00', 180);
INSERT INTO `history` VALUES (130, 10, 3, '2026-01-13 23:05:00', 180);
INSERT INTO `history` VALUES (131, 6, 20, '2026-01-14 09:15:00', 175);
INSERT INTO `history` VALUES (132, 3, 5, '2026-01-14 14:40:00', 220);
INSERT INTO `history` VALUES (133, 8, 11, '2026-01-15 10:00:00', 240);
INSERT INTO `history` VALUES (134, 1, 15, '2026-01-15 13:25:00', 190);
INSERT INTO `history` VALUES (135, 2, 22, '2026-01-15 16:50:00', 180);
INSERT INTO `history` VALUES (136, 4, 18, '2026-01-15 21:00:00', 200);
INSERT INTO `history` VALUES (137, 5, 1, '2026-01-16 08:30:00', 165);
INSERT INTO `history` VALUES (138, 7, 9, '2026-01-16 11:20:00', 200);
INSERT INTO `history` VALUES (139, 9, 12, '2026-01-16 15:45:00', 170);
INSERT INTO `history` VALUES (140, 10, 24, '2026-01-16 19:30:00', 210);
INSERT INTO `history` VALUES (141, 3, 27, '2026-01-16 22:10:00', 250);
INSERT INTO `history` VALUES (142, 1, 3, '2026-01-17 09:00:00', 180);
INSERT INTO `history` VALUES (143, 2, 10, '2026-01-17 11:30:00', 190);
INSERT INTO `history` VALUES (144, 4, 1, '2026-01-17 14:20:00', 170);
INSERT INTO `history` VALUES (145, 6, 4, '2026-01-17 16:45:00', 160);
INSERT INTO `history` VALUES (146, 8, 12, '2026-01-17 19:15:00', 175);
INSERT INTO `history` VALUES (147, 10, 15, '2026-01-17 21:50:00', 185);
INSERT INTO `history` VALUES (148, 5, 20, '2026-01-18 10:00:00', 170);
INSERT INTO `history` VALUES (149, 7, 24, '2026-01-18 15:30:00', 215);
INSERT INTO `history` VALUES (150, 9, 11, '2026-01-18 20:00:00', 230);
INSERT INTO `history` VALUES (151, 1, 1, '2026-01-19 08:15:00', 160);
INSERT INTO `history` VALUES (152, 2, 9, '2026-01-19 09:40:00', 205);
INSERT INTO `history` VALUES (153, 3, 12, '2026-01-19 11:20:00', 170);
INSERT INTO `history` VALUES (154, 4, 3, '2026-01-19 13:05:00', 180);
INSERT INTO `history` VALUES (155, 1, 3, '2026-01-10 21:05:00', 180);
INSERT INTO `history` VALUES (156, 1, 9, '2026-01-10 21:10:00', 200);
INSERT INTO `history` VALUES (157, 2, 1, '2026-01-10 22:15:00', 165);
INSERT INTO `history` VALUES (158, 3, 12, '2026-01-11 08:30:00', 170);
INSERT INTO `history` VALUES (159, 4, 4, '2026-01-11 09:15:00', 195);
INSERT INTO `history` VALUES (160, 5, 27, '2026-01-11 10:45:00', 250);
INSERT INTO `history` VALUES (161, 6, 22, '2026-01-11 14:00:00', 180);
INSERT INTO `history` VALUES (162, 7, 15, '2026-01-11 15:30:00', 190);
INSERT INTO `history` VALUES (163, 8, 20, '2026-01-11 16:45:00', 175);
INSERT INTO `history` VALUES (164, 9, 3, '2026-01-11 20:00:00', 180);
INSERT INTO `history` VALUES (165, 10, 11, '2026-01-11 21:30:00', 230);
INSERT INTO `history` VALUES (166, 1, 5, '2026-01-11 23:15:00', 215);
INSERT INTO `history` VALUES (167, 2, 18, '2026-01-11 23:45:00', 205);
INSERT INTO `history` VALUES (168, 3, 16, '2026-01-11 01:20:00', 190);
INSERT INTO `history` VALUES (169, 4, 24, '2026-01-11 02:00:00', 210);
INSERT INTO `history` VALUES (170, 5, 3, '2026-01-12 08:15:00', 180);
INSERT INTO `history` VALUES (171, 6, 3, '2026-01-12 09:30:00', 180);
INSERT INTO `history` VALUES (172, 7, 3, '2026-01-12 10:45:00', 180);
INSERT INTO `history` VALUES (173, 8, 9, '2026-01-12 11:20:00', 200);
INSERT INTO `history` VALUES (174, 9, 9, '2026-01-12 14:00:00', 200);
INSERT INTO `history` VALUES (175, 10, 9, '2026-01-12 15:30:00', 200);
INSERT INTO `history` VALUES (176, 1, 12, '2026-01-13 07:00:00', 170);
INSERT INTO `history` VALUES (177, 2, 12, '2026-01-13 07:30:00', 175);
INSERT INTO `history` VALUES (178, 3, 12, '2026-01-13 08:00:00', 170);
INSERT INTO `history` VALUES (179, 4, 1, '2026-01-13 18:15:00', 165);
INSERT INTO `history` VALUES (180, 5, 1, '2026-01-13 18:45:00', 160);
INSERT INTO `history` VALUES (181, 6, 1, '2026-01-13 19:20:00', 170);
INSERT INTO `history` VALUES (182, 7, 10, '2026-01-13 20:10:00', 185);
INSERT INTO `history` VALUES (183, 8, 10, '2026-01-13 20:45:00', 190);
INSERT INTO `history` VALUES (184, 9, 10, '2026-01-13 21:15:00', 180);
INSERT INTO `history` VALUES (185, 10, 3, '2026-01-13 22:00:00', 180);
INSERT INTO `history` VALUES (186, 1, 3, '2026-01-13 22:30:00', 180);
INSERT INTO `history` VALUES (187, 2, 3, '2026-01-13 23:00:00', 180);
INSERT INTO `history` VALUES (188, 3, 3, '2026-01-13 23:30:00', 180);
INSERT INTO `history` VALUES (189, 4, 3, '2026-01-13 23:55:00', 180);
INSERT INTO `history` VALUES (190, 1, 11, '2026-01-14 10:00:00', 235);
INSERT INTO `history` VALUES (191, 2, 14, '2026-01-14 11:15:00', 215);
INSERT INTO `history` VALUES (192, 3, 27, '2026-01-14 14:30:00', 250);
INSERT INTO `history` VALUES (193, 4, 12, '2026-01-15 08:00:00', 175);
INSERT INTO `history` VALUES (194, 5, 15, '2026-01-15 09:20:00', 190);
INSERT INTO `history` VALUES (195, 6, 18, '2026-01-15 11:45:00', 200);
INSERT INTO `history` VALUES (196, 7, 20, '2026-01-15 15:10:00', 175);
INSERT INTO `history` VALUES (197, 8, 22, '2026-01-15 17:30:00', 185);
INSERT INTO `history` VALUES (198, 9, 24, '2026-01-15 20:00:00', 215);
INSERT INTO `history` VALUES (199, 10, 3, '2026-01-16 07:45:00', 180);
INSERT INTO `history` VALUES (200, 1, 3, '2026-01-16 08:15:00', 180);
INSERT INTO `history` VALUES (201, 2, 3, '2026-01-16 09:00:00', 180);
INSERT INTO `history` VALUES (202, 3, 9, '2026-01-16 10:30:00', 205);
INSERT INTO `history` VALUES (203, 4, 9, '2026-01-16 11:00:00', 200);
INSERT INTO `history` VALUES (204, 5, 9, '2026-01-16 13:45:00', 200);
INSERT INTO `history` VALUES (205, 6, 11, '2026-01-16 15:00:00', 230);
INSERT INTO `history` VALUES (206, 7, 11, '2026-01-16 16:15:00', 235);
INSERT INTO `history` VALUES (207, 8, 11, '2026-01-16 18:30:00', 230);
INSERT INTO `history` VALUES (208, 9, 1, '2026-01-16 19:45:00', 165);
INSERT INTO `history` VALUES (209, 10, 1, '2026-01-16 21:00:00', 170);
INSERT INTO `history` VALUES (210, 1, 1, '2026-01-16 22:15:00', 165);
INSERT INTO `history` VALUES (211, 2, 12, '2026-01-16 23:30:00', 170);
INSERT INTO `history` VALUES (212, 3, 12, '2026-01-16 23:50:00', 175);
INSERT INTO `history` VALUES (213, 4, 5, '2026-01-15 01:20:00', 210);
INSERT INTO `history` VALUES (214, 5, 4, '2026-01-15 02:30:00', 190);
INSERT INTO `history` VALUES (215, 6, 10, '2026-01-14 22:45:00', 185);
INSERT INTO `history` VALUES (216, 7, 14, '2026-01-14 23:15:00', 220);
INSERT INTO `history` VALUES (217, 8, 21, '2026-01-14 12:00:00', 180);
INSERT INTO `history` VALUES (218, 9, 21, '2026-01-15 14:00:00', 185);
INSERT INTO `history` VALUES (219, 10, 21, '2026-01-16 16:00:00', 180);
INSERT INTO `history` VALUES (220, 1, 3, '2026-01-17 08:00:00', 180);
INSERT INTO `history` VALUES (221, 2, 3, '2026-01-17 08:30:00', 180);
INSERT INTO `history` VALUES (222, 3, 3, '2026-01-17 09:00:00', 180);
INSERT INTO `history` VALUES (223, 4, 9, '2026-01-17 10:15:00', 200);
INSERT INTO `history` VALUES (224, 5, 9, '2026-01-17 11:00:00', 205);
INSERT INTO `history` VALUES (225, 6, 9, '2026-01-17 12:45:00', 200);
INSERT INTO `history` VALUES (226, 7, 11, '2026-01-17 14:20:00', 230);
INSERT INTO `history` VALUES (227, 8, 11, '2026-01-17 15:10:00', 235);
INSERT INTO `history` VALUES (228, 9, 11, '2026-01-17 16:00:00', 230);
INSERT INTO `history` VALUES (229, 10, 27, '2026-01-17 20:00:00', 250);
INSERT INTO `history` VALUES (230, 1, 27, '2026-01-17 21:30:00', 250);
INSERT INTO `history` VALUES (231, 2, 27, '2026-01-17 23:00:00', 250);
INSERT INTO `history` VALUES (232, 3, 1, '2026-01-18 08:45:00', 160);
INSERT INTO `history` VALUES (233, 4, 1, '2026-01-18 10:15:00', 165);
INSERT INTO `history` VALUES (234, 5, 1, '2026-01-18 13:20:00', 170);
INSERT INTO `history` VALUES (235, 6, 12, '2026-01-18 15:45:00', 175);
INSERT INTO `history` VALUES (236, 7, 12, '2026-01-18 17:10:00', 170);
INSERT INTO `history` VALUES (237, 8, 12, '2026-01-18 19:30:00', 175);
INSERT INTO `history` VALUES (238, 9, 24, '2026-01-18 21:00:00', 210);
INSERT INTO `history` VALUES (239, 10, 24, '2026-01-18 22:30:00', 215);
INSERT INTO `history` VALUES (240, 1, 3, '2026-01-18 23:45:00', 180);
INSERT INTO `history` VALUES (241, 1, 3, '2026-01-17 22:00:00', 180);
INSERT INTO `history` VALUES (242, 2, 9, '2026-01-17 22:30:00', 200);
INSERT INTO `history` VALUES (243, 3, 12, '2026-01-17 23:15:00', 170);
INSERT INTO `history` VALUES (244, 4, 10, '2026-01-18 11:00:00', 190);
INSERT INTO `history` VALUES (245, 5, 10, '2026-01-18 14:00:00', 185);
INSERT INTO `history` VALUES (246, 6, 10, '2026-01-18 16:00:00', 190);
INSERT INTO `history` VALUES (247, 7, 4, '2026-01-18 18:00:00', 195);
INSERT INTO `history` VALUES (248, 8, 4, '2026-01-18 20:00:00', 200);
INSERT INTO `history` VALUES (249, 9, 15, '2026-01-18 22:00:00', 190);
INSERT INTO `history` VALUES (250, 10, 18, '2026-01-18 23:30:00', 205);
INSERT INTO `history` VALUES (251, 1, 22, '2026-01-18 01:00:00', 185);
INSERT INTO `history` VALUES (252, 2, 20, '2026-01-18 02:00:00', 175);
INSERT INTO `history` VALUES (253, 3, 11, '2026-01-17 19:00:00', 230);
INSERT INTO `history` VALUES (254, 4, 5, '2026-01-17 17:00:00', 215);
